,0
2019-10-29,498157.27143420227
2019-10-30,499390.2551593885
2019-10-31,500153.75201413245
2019-11-01,501394.5029105863
2019-11-04,503716.14710232825
2019-11-05,502359.94710538
2019-11-06,502307.2092074533
2019-11-07,503122.2751933873
2019-11-08,502446.98394882964
2019-11-11,503000.71203720855
2019-11-13,502989.86710751924
2019-11-14,503274.2518682964
2019-11-15,502620.89810023556
2019-11-18,503616.16054647876
2019-11-19,502527.6590002659
2019-11-20,504242.09108339576
2019-11-21,502603.7631108758
2019-11-22,501319.601477502
2019-11-25,506422.66759941645
2019-11-26,504646.7465210077
2019-11-27,505713.6310221533
2019-11-28,508737.7880045752
2019-11-29,506407.232190314
2019-12-02,505984.9989258631
2019-12-03,502436.20809041965
2019-12-04,504796.8822368456
2019-12-05,501675.1696144737
2019-12-06,500311.880170504
2019-12-09,499530.5037666954
2019-12-10,497697.5411057761
2019-12-11,498738.7871275827
2019-12-12,498626.71793397696
2019-12-13,499896.9483961087
2019-12-16,498604.7089273421
2019-12-17,501813.8259241072
2019-12-18,502835.88852328935
2019-12-19,504624.9788892848
2019-12-20,505451.7386435395
2019-12-23,505489.6316591664
2019-12-24,504904.3102347559
2019-12-26,504733.07706520025
2019-12-27,505066.06485038286
2019-12-30,504882.3061783387
2019-12-31,504093.2821697581
2020-01-01,503800.1747974742
2020-01-02,505006.9034637292
2020-01-03,504417.3159610662
2020-01-06,501346.05917892174
2020-01-07,501684.6933680029
2020-01-08,502272.4879694433
2020-01-09,503669.4393765863
2020-01-10,503876.6602144511
2020-01-13,503839.21787812206
2020-01-14,504902.7027681062
2020-01-15,505708.7752087027
2020-01-16,505221.5096409232
2020-01-17,504034.760962823
2020-01-20,503169.4983431468
2020-01-21,502467.68145948177
2020-01-22,502269.4922830296
2020-01-23,501582.69434372743
2020-01-24,502895.6909488616
2020-01-27,502386.6035999236
2020-01-28,502567.4638863862
2020-01-29,503432.32132060814
2020-01-30,499807.4645018815
2020-01-31,497875.65313301195
2020-02-03,497091.80496870866
2020-02-04,495391.77193428285
2020-02-05,495679.6176292377
2020-02-06,499127.52747908846
2020-02-07,500154.20771971956
2020-02-10,497454.690652764
2020-02-11,499746.5455226065
2020-02-12,500280.6196051513
2020-02-13,498628.34516403807
2020-02-14,498404.2982884741
2020-02-17,497604.0591679907
2020-02-18,497500.862276206
2020-02-19,498015.4949708825
2020-02-20,499780.70008233195
2020-02-24,495342.35122024064
2020-02-25,495528.3798146466
2020-02-26,493567.26594593324
2020-02-27,493377.8433327324
2020-02-28,486304.1302960317
2020-03-02,486300.2306962745
2020-03-03,487206.59262783866
2020-03-04,488538.7262824158
2020-03-05,488804.9602225403
2020-03-06,484609.7374733626
2020-03-09,476103.0953663527
2020-03-11,473260.47762762895
2020-03-12,459276.01219822926
2020-03-13,473039.7492900551
2020-03-16,459602.3886218727
2020-03-17,455557.26243443106
2020-03-18,443521.606837064
2020-03-19,437551.7924335301
2020-03-20,450474.6079776585
2020-03-23,425428.46212583745
2020-03-24,420750.8088649625
2020-03-25,421091.88635491906
2020-03-26,428403.79170966265
2020-03-27,425852.4357144844
2020-03-30,429181.28723120806
2020-03-31,439465.29156851885
2020-04-01,431979.8452655693
2020-04-03,429274.9087233569
2020-04-07,430299.0984582668
2020-04-08,434148.51845643576
2020-04-09,444111.06060502585
2020-04-13,442920.20654771384
2020-04-15,442077.66119477805
2020-04-16,441192.7683654595
2020-04-17,448871.3548983032
2020-04-20,448447.8255157604
2020-04-21,441016.15804220526
2020-04-22,443516.0290348658
2020-04-23,445522.7503941187
2020-04-24,439495.026186686
2020-04-27,443236.7902252277
2020-04-28,442695.0944219972
2020-04-29,439446.26646060904
2020-04-30,448247.3837797161
2020-05-04,432959.3876974102
2020-05-05,429712.34023685416
2020-05-06,432064.92463780835
2020-05-07,430898.27439729485
2020-05-08,429843.0178620194
2020-05-11,430902.9668774706
2020-05-12,430652.8947911364
2020-05-13,435046.81003619253
2020-05-14,433001.1585362219
2020-05-15,433724.3774634411
2020-05-18,426471.7915778962
2020-05-19,426012.0340549075
2020-05-20,428424.8593203519
2020-05-21,430932.10687131627
2020-05-22,428893.6163355802
2020-05-26,435130.4939145103
2020-05-27,438262.081566995
2020-05-28,440363.03471083846
2020-05-29,447853.2619343165
2020-06-01,449926.8553467158
2020-06-02,451775.8434677485
2020-06-03,454802.8119517907
2020-06-04,453543.51004593424
2020-06-05,454883.81130626623
2020-06-08,458727.29580820387
2020-06-09,456137.65897134104
2020-06-10,457012.87392571726
2020-06-11,452934.1717304394
2020-06-12,453311.04808224016
2020-06-15,451461.9671706137
2020-06-16,450075.12386640836
2020-06-17,449912.7062721411
2020-06-18,449724.25910910376
2020-06-19,451715.44967612036
2020-06-22,454259.2807688991
2020-06-23,459667.5604052821
2020-06-24,456420.16138693114
2020-06-25,456616.68394210906
2020-06-26,459178.3341483397
2020-06-29,456909.73511395976
2020-06-30,456243.36072523607
2020-07-01,455446.29757960216
2020-07-02,456823.4008297216
2020-07-03,458778.5197628747
2020-07-06,459401.8993825352
2020-07-07,462622.7861806556
2020-07-08,460977.7844305107
2020-07-09,461361.62116080977
2020-07-10,459347.2448521799
2020-07-13,462881.68180247577
2020-07-14,459827.0928492506
2020-07-15,461454.78317316156
2020-07-16,463458.99963716394
2020-07-17,465932.15263671975
2020-07-20,468345.63084541826
2020-07-21,470388.53562212526
2020-07-22,467600.34467363893
2020-07-23,470370.44842126215
2020-07-24,469433.380248893
2020-07-27,466998.2460957109
2020-07-28,468483.39763389155
2020-07-29,468175.2121099059
2020-07-30,469351.3970488621
2020-07-31,471501.3648274267
2020-08-03,471481.2297566259
2020-08-04,472164.3066362032
2020-08-05,472579.11303895194
2020-08-06,473168.87335124234
2020-08-07,472524.1703069257
2020-08-10,477084.93528542353
2020-08-11,478268.5420695457
2020-08-12,478666.3101166708
2020-08-13,480181.53833707626
2020-08-14,480979.2300806084
2020-08-17,479659.870652567
2020-08-18,480538.7781829884
2020-08-19,481548.6759899239
2020-08-20,481400.46946261625
2020-08-21,480709.8978356095
2020-08-24,481376.2111824723
2020-08-25,480382.8728752398
2020-08-26,481177.0273418939
2020-08-27,481526.7393800251
2020-08-28,486839.20232603035
2020-08-31,479083.74220637965
2020-09-01,479642.5797488685
2020-09-02,480574.51287431293
2020-09-03,481743.64786172565
2020-09-04,477231.8689502318
2020-09-07,476414.42150947556
2020-09-08,474546.70004913316
2020-09-09,474609.7130506245
2020-09-10,475666.8383474152
2020-09-11,476531.75151849113
2020-09-14,476596.9833502735
2020-09-15,476760.8881519335
2020-09-16,478469.37873582717
2020-09-17,477717.89373607317
2020-09-18,480716.4614786485
2020-09-21,475270.9935543754
2020-09-22,475228.7803280831
2020-09-23,473519.2892313496
2020-09-24,471368.68606124213
2020-09-25,469011.6694041325
2020-09-28,474391.15324872313
2020-09-29,472585.2333497363
2020-09-30,472068.58420868474
2020-10-01,476288.76682587224
2020-10-05,479272.0109207209
2020-10-06,479726.80669456144
2020-10-07,479799.78053708794
2020-10-08,479845.45282814343
2020-10-09,480398.38960229757
2020-10-12,478404.34678613546
2020-10-13,478960.35258829
2020-10-14,480292.43751322717
2020-10-15,476528.57969229383
2020-10-16,475675.5554427535
2020-10-19,481474.009264
2020-10-20,480983.5481739121
2020-10-21,482771.3610553818
2020-10-22,483585.84908676555
2020-10-23,483761.7997557346
2020-10-26,479768.1660002571
2020-10-27,481239.0790858722
2020-10-28,480718.77897600894
2020-10-29,480479.9008021808
2020-10-30,479660.32878228475
2020-11-02,478808.1715156443
2020-11-03,479234.30869426567
2020-11-04,480892.09558663034
2020-11-05,483813.689236945
2020-11-06,484242.7951062382
2020-11-09,485487.21889081196
2020-11-10,485406.8696864507
2020-11-11,488632.5567800514
2020-11-12,488584.89663160156
2020-11-13,489279.3335494555
2020-11-14,490567.7116393603
2020-11-17,491251.30409806984
2020-11-18,492277.08307062706
2020-11-19,488901.3846148101
2020-11-20,489780.7994620313
2020-11-23,489533.32529324724
2020-11-24,490092.2648264809
2020-11-25,488465.7262175982
2020-11-26,490927.6918009999
2020-11-27,488744.49714462785
2020-12-01,492304.0730072503
2020-12-02,495434.2069552805
2020-12-03,497357.95419228694
2020-12-04,499233.63086558616
2020-12-07,501798.1721635749
2020-12-08,500368.2762498214
2020-12-09,501263.42200169625
2020-12-10,500278.3488360135
2020-12-11,501361.35303391225
2020-12-14,502538.482014266
2020-12-15,502225.9291301388
2020-12-16,502172.86513080326
2020-12-17,501519.3042634937
2020-12-18,502542.58884987625
2020-12-21,496145.8748210168
2020-12-22,497906.63696580514
2020-12-23,500774.0091100737
2020-12-24,500343.4242042389
2020-12-28,502248.2374671784
2020-12-29,503113.93095347803
2020-12-30,503544.96970379737
2020-12-31,503274.90387057397
2021-01-01,504712.9961317005
2021-01-04,505638.91153154976
2021-01-05,505537.12127087824
2021-01-06,506359.4594996196
2021-01-07,508336.15044340305
2021-01-08,511397.08710078354
2021-01-11,512602.33009699936
2021-01-12,513549.820972536
2021-01-13,513554.0759343356
2021-01-14,514258.58389475284
2021-01-15,512820.54239216505
2021-01-18,510113.4675178168
2021-01-19,511271.037884294
2021-01-20,513261.7966738519
2021-01-21,511241.0144171888
2021-01-22,510503.4665334679
2021-01-25,510334.9643358243
2021-01-27,508989.3733934415
2021-01-28,507663.26039220655
2021-01-29,506169.66481691424
2021-02-01,504005.8060857265
2021-02-02,507244.64954336995
2021-02-03,508892.7158710787
2021-02-04,511226.9690792391
2021-02-05,510156.04199717735
2021-02-08,512707.2869198153
2021-02-09,512180.1612997345
2021-02-10,512468.6306972796
2021-02-11,513376.77764280146
2021-02-12,512694.4078918249
2021-02-15,512272.67752282356
2021-02-16,513724.0249302061
2021-02-17,513318.38567917875
2021-02-18,515108.7388479618
2021-02-19,513760.0509406197
2021-02-22,512021.94066831656
2021-02-23,514121.45873222256
2021-02-24,512285.68253097974
2021-02-25,518494.8239640768
2021-02-26,509628.8357656576
2021-03-01,512776.27300074813
2021-03-02,513878.19163502794
2021-03-03,517200.67483811814
2021-03-04,517149.8501948808
2021-03-05,513881.99281565705
2021-03-08,514839.6311747269
2021-03-09,515728.087258402
2021-03-10,516284.5420779203
2021-03-12,514526.31598398957
2021-03-15,514252.7729212783
2021-03-16,514252.7729212783
2021-03-17,514252.7729212783
2021-03-18,514252.7729212783
2021-03-19,512108.9923706337
2021-03-22,513809.5336516316
2021-03-23,514786.11471684265
2021-03-24,513205.0279019623
2021-03-25,510904.52867253113
2021-03-26,511578.1777364369
2021-03-30,516898.8575785338
2021-03-31,517304.84968335653
2021-04-01,520712.57428182865
2021-04-05,520718.6828634555
2021-04-06,523015.64096269995
2021-04-07,526678.4208643076
2021-04-08,529466.3920927055
2021-04-09,529490.5664905412
2021-04-12,523698.5271390205
2021-04-13,524531.3967763416
2021-04-15,524591.3219022015
2021-04-16,524749.7690719828
2021-04-19,522464.6634331722
2021-04-20,524544.4297770623
2021-04-22,526880.0439573377
2021-04-23,527366.2086292221
2021-04-26,528079.4521304271
2021-04-27,528283.0517581464
2021-04-28,530329.1084719521
2021-04-29,531763.4516808843
2021-04-30,528746.9486188176
2021-05-03,529276.6943310979
2021-05-04,528005.1150272675
2021-05-05,531761.3186965669
2021-05-06,532297.0454187276
2021-05-07,533226.3890602231
2021-05-10,535787.1759298489
2021-05-11,535116.3795565348
2021-05-12,531689.0186022501
2021-05-14,525475.3817981805
2021-05-17,526074.7974288024
2021-05-18,528729.9923243604
2021-05-19,528122.3634580357
2021-05-20,525997.2601089277
2021-05-21,526929.6191444482
2021-05-24,526516.9394539689
2021-05-25,526916.2754450475
2021-05-26,525889.8056331143
2021-05-27,527018.4988475308
2021-05-28,527057.5125035666
2021-05-31,526815.0927457672
2021-06-01,526857.7707395416
2021-06-02,527338.5353613043
2021-06-03,527717.2464813322
2021-06-04,526942.4090676301
2021-06-07,527587.2664960818
2021-06-08,527791.5478537668
2021-06-09,526224.6908667673
2021-06-10,527660.1862988423
2021-06-11,527487.9757460684
2021-06-14,528102.336353022
2021-06-15,528713.1912498684
2021-06-16,527422.1648677434
2021-06-17,527271.3906978215
2021-06-18,526060.0537355437
2021-06-21,525691.6221355225
2021-06-22,526368.1158447706
2021-06-23,526420.8845673047
2021-06-24,526108.1080957867
2021-06-25,525882.4296911731
2021-06-28,526855.7005034757
2021-06-29,525854.4235030485
2021-06-30,525524.4071950319
2021-07-01,525160.5064916017
2021-07-02,524856.2378130015
2021-07-05,525395.688123015
2021-07-06,525090.1334693916
2021-07-07,526658.6584415706
2021-07-08,524995.7495060237
2021-07-09,525701.5515283097
2021-07-12,526918.732473623
2021-07-13,527464.9920052169
2021-07-14,526985.7000548687
2021-07-15,528493.9914022731
2021-07-16,527998.9037522175
2021-07-19,527388.3841272397
2021-07-20,529126.4154402569
2021-07-22,528574.586695805
2021-07-23,529921.8186780035
2021-07-26,531655.4979062728
2021-07-27,528805.7452828011
2021-07-28,529061.5139595589
2021-07-29,530155.4156241629
2021-07-30,529283.928823115
2021-08-02,528640.8738938101
2021-08-03,530551.0432103595
2021-08-04,529731.490084575
2021-08-05,531103.3744629277
2021-08-06,530848.7767426581
2021-08-09,530459.0677987856
2021-08-10,530819.1435915423
2021-08-11,530276.6164936679
2021-08-12,530725.6109967814
2021-08-13,530952.8174715668
2021-08-16,530950.5725834472
2021-08-17,531484.7102361699
2021-08-18,531552.3827946606
2021-08-20,529066.1644891193
2021-08-23,529399.5742825154
2021-08-24,529501.5585168302
2021-08-25,529479.0512402973
2021-08-26,528264.5855396611
2021-08-27,529254.1083305227
2021-08-30,531684.2839392795
2021-08-31,532683.0773824495
2021-09-01,531954.6851266115
2021-09-02,534019.6582803394
2021-09-03,536081.7831752442
2021-09-06,536904.6700393055
2021-09-07,536125.8146182364
2021-09-08,536849.7938187872
2021-09-09,534518.6660588447
2021-09-13,533752.5535676965
2021-09-14,534902.3596459354
2021-09-15,535253.2937806572
2021-09-16,535514.925434603
2021-09-17,535142.7156572778
2021-09-20,532775.4667592444
2021-09-21,532654.8459823458
2021-09-22,533669.881587761
2021-09-23,535957.2525705664
2021-09-24,533213.9451499445
2021-09-27,532263.977378722
2021-09-28,534068.1683303348
2021-09-29,536293.3246014823
2021-09-30,536213.3454349102
2021-10-01,537733.4407361916
2021-10-04,537333.6235160045
2021-10-05,538715.9340500163
2021-10-06,535876.6096268413
2021-10-07,536094.9489788574
2021-10-08,537182.1972772535
2021-10-11,535852.6553455748
2021-10-12,535651.2873913632
2021-10-13,537474.2766327846
2021-10-14,537793.8068864831
2021-10-18,538859.2765969648
2021-10-19,535798.8311559058
2021-10-20,534454.8250783664
2021-10-21,534113.7059644009
2021-10-22,533875.0546874302
2021-10-25,532683.3704510923
2021-10-26,534709.2668218436
2021-10-27,535284.8561966792
2021-10-28,532808.5624525568
2021-10-29,533298.2331230193
2021-11-01,536891.9375067251
2021-11-02,536391.8591179247
2021-11-03,536121.7206444823
2021-11-04,537348.9233059632
2021-11-08,539655.4151343734
2021-11-09,540323.9276494454
2021-11-10,540661.8896297908
2021-11-11,538750.2551488723
2021-11-12,538257.5889846266
2021-11-15,538629.5939444404
2021-11-16,537534.723516751
2021-11-17,536993.209673933
2021-11-18,534877.7848662443
2021-11-22,533031.3624953337
2021-11-23,533363.1607619156
2021-11-24,532914.200663231
2021-11-25,531722.2351338719
2021-11-26,531585.636871085
2021-11-29,530172.2407643651
2021-11-30,530093.5480077122
2021-12-01,527829.933361426
2021-12-02,529269.9253100047
2021-12-03,527968.328598995
2021-12-06,524071.30324651697
2021-12-07,526401.6209451496
2021-12-08,529101.0858728229
2021-12-09,529343.9289983916
2021-12-10,529402.9907941027
2021-12-13,528805.3162488146
2021-12-14,528774.5804013414
2021-12-15,528377.2249244067
2021-12-16,527600.688390628
2021-12-17,527549.4176087524
2021-12-20,526239.9716019775
2021-12-21,527069.4341780837
2021-12-22,527878.9440277037
2021-12-23,530652.8510944785
2021-12-24,531054.8153333743
2021-12-27,532156.6258476222
2021-12-28,534058.7278010771
2021-12-29,532761.0599951458
2021-12-30,533002.9078081527
2021-12-31,532114.1279882232
2022-01-03,533606.4724750377
2022-01-04,533763.298276887
2022-01-05,535983.2839180958
2022-01-06,535415.9239003429
2022-01-07,536560.2885037987
2022-01-10,537838.9484353415
2022-01-11,538528.1787435182
2022-01-12,539454.6003663023
2022-01-13,539335.6342653995
2022-01-14,539228.974040485
2022-01-17,540187.359301099
2022-01-18,535469.4208272938
2022-01-19,534020.3530115216
2022-01-20,533063.2353265082
2022-01-21,531283.9548924114
2022-01-24,529944.9991352702
2022-01-25,530393.081891245
2022-01-27,529825.4713534011
2022-01-28,530457.153820206
2022-01-31,531660.9767439773
2022-02-01,532547.4604407724
2022-02-02,535557.8419448312
2022-02-03,534547.9120647722
2022-02-04,533377.7699399918
2022-02-07,532587.7027021378
2022-02-08,531597.1328854362
2022-02-09,532767.6760904861
2022-02-10,534073.576050777
2022-02-11,531649.1306620899
2022-02-14,527141.8488322559
2022-02-15,530668.9902189691
2022-02-16,529816.7831149353
2022-02-17,529604.1246956734
2022-02-18,530231.4014895298
2022-02-21,527953.8528521396
2022-02-22,525643.0345690586
2022-02-23,525925.2515485011
2022-02-24,520902.4976847527
2022-02-25,518285.2480577853
2022-02-28,520596.8089420561
2022-03-02,520706.9190304045
2022-03-03,520023.1852924589
2022-03-04,517737.9199383024
2022-03-07,515623.2355129484
2022-03-08,516834.8097108669
2022-03-09,515509.1994086764
2022-03-10,518135.50849070767
2022-03-11,520129.83468165615
2022-03-14,521120.74135508755
2022-03-15,520184.16527858
2022-03-16,523133.2400383672
2022-03-17,528091.687394853
2022-03-21,523810.9425141768
2022-03-22,524873.0111054142
2022-03-23,524615.4942368229
2022-03-24,525661.253182288
2022-03-25,524661.4403079555
2022-03-28,524531.633634117
2022-03-29,523843.54077317426
2022-03-30,523681.36527867394
2022-03-31,523676.6185863652
2022-04-01,526621.1991680302
2022-04-04,529630.3278110661
2022-04-05,530258.6530892826
2022-04-06,529832.7944170636
2022-04-07,529268.1720620142
2022-04-08,529808.0183482565
2022-04-11,531135.5756665369
2022-04-12,530117.4826642176
2022-04-13,530892.7622071339
2022-04-18,530760.4662321972
2022-04-19,527290.8092662817
2022-04-20,528575.528996103
2022-04-21,531140.0125377155
2022-04-22,528918.5066020465
2022-04-25,524342.9140313272
2022-04-26,527408.0109298356
2022-04-27,526024.2312067403
2022-04-28,530229.601339048
2022-04-29,527455.8438629943
2022-05-02,525966.6455445129
2022-05-04,523625.3749756652
2022-05-05,524102.327791626
2022-05-06,522173.5742515869
2022-05-09,521711.79756328225
2022-05-10,521246.47181865334
2022-05-11,521382.28466446843
2022-05-12,520518.717708902
2022-05-13,519195.02505542594
2022-05-16,519049.00656113
2022-05-17,522229.8970462452
2022-05-18,522085.85527912487
2022-05-19,516071.4400212445
2022-05-20,521730.7345149405
2022-05-23,521559.1719705139
2022-05-24,521087.4148960569
2022-05-25,518561.26941446436
2022-05-26,517505.07649889187
2022-05-27,517557.5769452458
2022-05-30,519567.5988740421
2022-05-31,519240.54686780815
2022-06-01,520082.6504940594
2022-06-02,521028.9495380646
2022-06-03,519236.83944634866
2022-06-06,519083.06295268174
2022-06-07,519261.5022606905
2022-06-08,519130.0530763824
2022-06-09,519827.5374330827
2022-06-10,518404.7255733059
2022-06-13,516495.3744342373
2022-06-14,515334.59792067506
2022-06-15,515173.98095133854
2022-06-16,514208.8801479633
2022-06-17,512747.706434634
2022-06-20,511067.64642851235
2022-06-21,514545.7848747819
2022-06-22,510928.3407648964
2022-06-23,513056.2852102205
2022-06-24,514066.0352331087
2022-06-27,516676.34118708817
2022-06-28,517069.54326757416
2022-06-29,516134.35383018444
2022-06-30,514011.66302367096
2022-07-01,514101.3113640502
2022-07-04,515665.31291644135
2022-07-05,514389.1845137314
2022-07-06,516154.9196088078
2022-07-07,519446.9094006779
2022-07-08,519763.8396584473
2022-07-11,519674.2825436872
2022-07-12,518621.42363966146
2022-07-13,518048.24834609515
2022-07-14,517063.5452605953
2022-07-15,517323.2838585961
2022-07-18,516726.6915725892
2022-07-19,517314.57326438336
2022-07-20,518853.0265877476
2022-07-21,520973.4582095862
2022-07-22,520999.733032707
2022-07-25,521095.7055917722
2022-07-26,519491.53572727076
2022-07-27,518663.50908847083
2022-07-28,518909.56432459835
2022-07-29,523380.5552913952
2022-08-01,525462.5534643569
2022-08-02,524159.7606859204
2022-08-03,524333.9861230848
2022-08-04,524855.3228255431
2022-08-05,525175.498776247
2022-08-08,524744.3904874597
2022-08-10,524950.374720609
2022-08-11,525603.428155178
2022-08-12,525191.0754623914
2022-08-16,527644.8449315103
2022-08-17,527983.9550104968
2022-08-18,529578.7612834203
2022-08-19,525306.5260945663
2022-08-22,522397.0700223758
2022-08-23,523061.6860408787
2022-08-24,523521.474784411
2022-08-25,523709.3516899666
2022-08-26,524509.58259704
2022-08-29,523957.9183590639
2022-08-30,525353.2442748827
2022-09-01,525072.6557870631
2022-09-02,524475.7783838038
2022-09-05,524476.0229599925
2022-09-06,525623.5313274517
2022-09-07,525745.4258312808
2022-09-08,526305.8685168733
2022-09-09,525257.3618340143
2022-09-12,527649.3227715143
2022-09-13,528950.4923128701
2022-09-14,530760.3603396035
2022-09-15,530528.1899017262
2022-09-16,527806.0538460589
2022-09-19,526112.9989891951
2022-09-20,529067.9300006368
2022-09-21,527627.5349252038
2022-09-22,527990.4109865946
2022-09-23,524304.521452598
2022-09-26,519690.45364253945
2022-09-27,520381.1141089832
2022-09-28,520028.0058625403
2022-09-29,519793.1136177932
2022-09-30,521469.8120460008
2022-10-03,518835.9526539742
2022-10-04,524084.87082871783
2022-10-06,524938.9180398618
2022-10-07,523499.6913034795
2022-10-10,522755.9975974982
2022-10-11,518208.55895686336
2022-10-12,519584.077712022
2022-10-13,518361.3312368023
2022-10-14,518287.2811628428
2022-10-17,519297.4622422221
2022-10-18,521007.6693673667
2022-10-19,520181.4097505149
2022-10-20,519759.0520601559
2022-10-21,519684.714609772
2022-10-24,520466.7645930909
2022-10-25,519902.67784030194
2022-10-27,521861.7747128299
2022-10-28,520765.80522460246
2022-10-31,521301.47800633614
2022-11-01,523449.7339664441
2022-11-02,522921.3290681329
2022-11-03,522362.9636472178
2022-11-04,521350.36232657306
2022-11-07,522358.5156391299
2022-11-09,520750.6028414162
2022-11-10,519874.27434512274
2022-11-11,520628.07999025105
2022-11-14,522911.5368269515
2022-11-15,523979.7467083972
2022-11-16,522449.3914089477
2022-11-17,522279.4889278686
2022-11-18,521941.147100476
2022-11-21,520958.3998021787
2022-11-22,520818.42151401634
2022-11-23,520912.8629813015
2022-11-24,520536.990082808
2022-11-25,520733.47384364175
2022-11-28,521500.80976969766
2022-11-29,522778.5858585573
2022-11-30,523141.13563529705
2022-12-01,523837.99437300186
2022-12-02,523912.6753958101
2022-12-05,523952.68488867814
2022-12-06,523202.5094126039
2022-12-07,522108.9725970573
2022-12-08,522103.7619772953
2022-12-09,520688.9615509524
2022-12-12,520880.62262597546
2022-12-13,520385.7567211796
2022-12-14,521554.4391255055
2022-12-15,520124.14849897963
2022-12-16,519250.4423276786
2022-12-19,520528.98219704395
2022-12-20,519685.7768304752
2022-12-21,519384.7959886065
2022-12-22,518991.2940065525
2022-12-23,517406.5116579197
2022-12-26,515544.5737612843
2022-12-27,517727.1482922604
2022-12-28,517445.61347923067
2022-12-29,518651.9664554409
2022-12-30,517853.1294232273
2023-01-02,519086.48409675783
2023-01-03,519138.2896758931
2023-01-04,516860.49156171846
2023-01-05,518323.8773059202
2023-01-06,517163.7005711557
2023-01-09,518441.73711396364
2023-01-10,517969.0668297767
2023-01-11,516846.9330025599
2023-01-12,517589.30815514777
2023-01-13,517152.5610588438
2023-01-16,517527.7756627792
2023-01-17,517836.3358418827
2023-01-18,518657.4756762664
2023-01-19,518459.56600836216
2023-01-20,517405.8947513431
2023-01-23,518930.7471586324
2023-01-24,518423.44344238495
2023-01-25,516154.1806312394
2023-01-27,515977.0656297102
2023-01-30,514473.99257870566
2023-01-31,517047.8526938923
2023-02-01,513295.9769748657
2023-02-02,514436.7428558255
2023-02-03,515498.6324191712
2023-02-06,516378.5028369431
2023-02-07,515956.66943940695
2023-02-08,516555.31699979585
2023-02-09,515828.0984449979
2023-02-10,514815.4674609649
2023-02-13,512729.64241511025
2023-02-14,512398.23929113866
2023-02-15,514531.69420328445
2023-02-16,514923.4166836386
2023-02-17,513257.10571018746
2023-02-20,511969.12288128707
2023-02-21,511836.78833996627
2023-02-22,510126.60786195187
2023-02-23,509943.1381519783
2023-02-24,510813.7328901066
2023-02-27,510018.74103912053
2023-02-28,509511.5214719774
2023-03-01,509552.2146486631
2023-03-02,509369.41591209086
2023-03-03,510405.8094726002
2023-03-06,509679.8983867604
2023-03-08,510155.8370845753
2023-03-09,508979.6801860768
2023-03-10,508486.0467793565
2023-03-13,507278.12725421
2023-03-14,506493.05425722967
2023-03-15,507432.2235180721
2023-03-16,506586.3300606533
2023-03-17,507931.55662935914
2023-03-20,506358.4074289197
2023-03-21,506365.3618718395
2023-03-22,508065.17555439565
2023-03-23,506546.749741626
2023-03-24,504655.22678490146
2023-03-27,505018.8950402075
2023-03-28,504332.22167747555
2023-03-29,503996.30918460933
2023-03-31,505133.83058464754
2023-04-03,506797.87049782503
2023-04-05,506872.40606224764
2023-04-06,506604.37218506343
2023-04-10,506918.7377810845
2023-04-11,507880.7596603009
2023-04-12,509323.52175375423
2023-04-13,507688.3617998531
2023-04-17,507593.54560101836
2023-04-18,509862.8959603873
2023-04-19,508255.5355075773
2023-04-20,508908.2846615425
2023-04-21,507436.6938848227
2023-04-24,507688.230524283
2023-04-25,507506.66653698153
2023-04-26,507770.2982963541
2023-04-27,508021.1642936686
2023-04-28,508109.2463465039
2023-05-02,509596.6520809737
2023-05-03,507890.4172383149
2023-05-04,509686.82931157755
2023-05-05,507789.8397643216
2023-05-08,510283.9861859334
2023-05-09,510498.3736352307
2023-05-10,511258.62725105806
2023-05-11,511017.8628086142
2023-05-12,510543.39703354053
2023-05-15,511741.21638236527
2023-05-16,511619.7032748234
2023-05-17,510778.3328410525
2023-05-18,509972.3546951313
2023-05-19,509139.05446729687
2023-05-22,509763.08128580125
2023-05-23,509688.457589195
2023-05-24,510361.4483175307
2023-05-25,510278.99214077287
2023-05-26,510758.5053300931
2023-05-29,512881.2366271621
2023-05-30,512877.21644198237
2023-05-31,513257.6967541416
2023-06-01,513848.8634320664
2023-06-02,513371.15721619275
2023-06-05,514147.0089300544
2023-06-06,514544.8066473721
2023-06-07,515762.7405551575
2023-06-08,515434.24898563843
2023-06-09,513860.9913543871
2023-06-12,514763.60606796667
2023-06-13,515150.8300356384
2023-06-14,516677.4707307257
2023-06-15,515715.7320782532
2023-06-16,515790.583953746
2023-06-19,515550.80223569483
2023-06-20,517138.1979872057
2023-06-21,517130.1858442453
2023-06-22,515408.07243854116
2023-06-23,514713.1234918464
2023-06-26,515501.4855206112
2023-06-27,516173.40777165967
2023-06-28,515886.57593456365
2023-06-30,517630.7007270672
2023-07-03,517175.32224309846
2023-07-04,518252.2338489334
2023-07-05,519091.72196329496
2023-07-06,521748.33887749957
2023-07-07,521197.19119469594
2023-07-10,519690.1340760699
2023-07-11,519660.631587381
2023-07-12,520334.3983262726
2023-07-13,518122.16616098204
2023-07-14,520167.5763356129
2023-07-17,520438.65586168563
2023-07-18,520079.6445697506
2023-07-19,520298.23079840094
2023-07-20,521156.4124566003
2023-07-21,517400.5665047546
2023-07-24,517458.84831363487
2023-07-25,517866.87231138675
2023-07-26,517944.7807691975
2023-07-27,518124.8921674173
2023-07-28,519141.99517371383
2023-07-31,519359.9029919253
2023-08-01,520162.56086275773
2023-08-02,515993.50439154106
2023-08-03,515861.3331024747
2023-08-04,516069.68142254004
2023-08-07,515874.8215454441
2023-08-08,517671.4266107861
2023-08-09,518796.85092215455
2023-08-10,518109.887421178
2023-08-11,517040.0001073352
2023-08-14,515218.80547734094
2023-08-16,514924.6271553434
2023-08-17,514787.21875385416
2023-08-18,514428.6752578039
2023-08-21,514780.17550316564
2023-08-22,514862.1531032633
2023-08-23,514755.52450732945
2023-08-24,513782.3078850861
2023-08-25,512368.73360530095
2023-08-28,513024.87409645325
2023-08-29,514053.6006127886
2023-08-30,514387.615426514
2023-08-31,513028.29712885467
2023-09-01,513757.247590678
2023-09-04,514071.5676061863
2023-09-05,515034.22757053236
2023-09-06,515989.86001117993
2023-09-07,516138.5648565517
2023-09-08,518374.70292570454
2023-09-11,521020.4938246472
2023-09-12,515369.1577243128
2023-09-13,516557.3633596816
2023-09-14,517772.49280016933
2023-09-15,518776.69756873825
2023-09-18,518827.5923212407
2023-09-20,516437.65821769973
2023-09-21,515533.17788449675
2023-09-22,515013.97851933225
2023-09-25,515177.88812855893
2023-09-26,515797.5553802291
2023-09-27,515741.32259214314
2023-09-28,515146.47562253865
2023-09-29,515745.0910012158
2023-10-03,515347.97411747917
2023-10-04,513431.6136206046
2023-10-05,512606.52307266253
2023-10-06,513785.2768959889
2023-10-09,511774.1543831715
2023-10-10,512921.5510877813
2023-10-11,513787.3927702154
2023-10-12,513537.3315962586
2023-10-13,513249.15489035536
2023-10-16,513956.18486287416
2023-10-17,515509.41132485814
2023-10-18,513152.40562895994
2023-10-19,513127.59792952694
2023-10-20,512221.5539663942
2023-10-23,510057.36307131365
2023-10-25,509408.7764810821
2023-10-26,508516.062093324
2023-10-27,509362.479414917
2023-10-30,508338.67611756566
2023-10-31,509064.191220923
2023-11-01,507452.799726172
2023-11-02,509331.10734228906
2023-11-03,510300.7228208047
2023-11-06,511219.5681194906
2023-11-07,512529.4221367943
2023-11-08,512035.21330412634
2023-11-09,511541.2372996992
2023-11-10,512010.6075525117
2023-11-13,512912.1969901959
2023-11-15,513917.11110527173
2023-11-16,515439.1744521345
2023-11-17,516137.42893400043
2023-11-20,515023.3721235376
2023-11-21,515674.3341005181
2023-11-22,515095.611805527
2023-11-23,515107.831343619
2023-11-24,514502.63030963903
2023-11-28,514611.7924241888
2023-11-29,515003.70664484106
2023-11-30,517355.5891856864
2023-12-01,516886.49361998274
2023-12-04,522580.05807310774
2023-12-05,524140.60635452106
2023-12-06,524130.0591746273
2023-12-07,524585.8041606712
2023-12-08,523620.91286742396
2023-12-11,524634.3841889327
2023-12-12,524260.70096659363
2023-12-13,524572.7329643535
2023-12-14,526217.3536827449
2023-12-15,527611.6184232603
2023-12-18,527672.7230662738
2023-12-19,528004.1151834812
2023-12-20,522624.31646678626
2023-12-21,522703.972109962
2023-12-22,525804.1683186006
2023-12-26,528585.2423792614
2023-12-27,529427.4346010268
2023-12-28,533584.7952892487
2023-12-29,534293.5879070465
2024-01-01,535767.1332583001
2024-01-02,535764.0873891506
2024-01-03,535355.4968396504
2024-01-04,535608.6988207723
2024-01-05,535875.4852612928
2024-01-08,533331.2718366102
2024-01-09,533175.9059659133
2024-01-10,533890.8605177088
2024-01-11,533726.2554645666
2024-01-12,533294.229331123
2024-01-15,535444.0542529093
2024-01-16,535931.5936988108
2024-01-17,534444.32730703
2024-01-18,534018.8843331864
2024-01-19,537907.7204445748
2024-01-23,532154.355908263
2024-01-24,535295.4767511385
2024-01-25,535080.3643532423
2024-01-29,537477.3797321066
2024-01-30,538054.2150711699
2024-01-31,538605.3414231478
2024-02-01,539683.4655915438
2024-02-02,540704.1946912943
2024-02-05,543206.2987562357
2024-02-06,547016.8082389211
2024-02-07,546486.646610198
2024-02-08,546241.1403496634
2024-02-09,543592.96042663
2024-02-12,540139.1293748473
2024-02-13,540438.6315200345
2024-02-14,541871.9009153245
2024-02-15,545017.668310344
2024-02-16,546359.0458867102
2024-02-19,546493.6096164532
2024-02-20,546543.389110412
2024-02-21,544738.9683247822
2024-02-22,545251.3956428778
2024-02-23,544872.5292412054
2024-02-26,543629.3716220157
2024-02-27,544293.2734547484
2024-02-28,541895.0745759208
2024-02-29,542552.7522524791
2024-03-01,542853.0584912943
2024-03-04,543678.1903611193
2024-03-05,543327.2630539904
2024-03-06,544143.7579873581
2024-03-07,544126.6505197068
2024-03-11,543553.6211695911
2024-03-12,541108.9076646848
2024-03-13,538159.5173835346
2024-03-14,539994.2485623481
2024-03-15,538294.9454561675
2024-03-18,539305.5832995124
2024-03-19,534391.073198194
2024-03-20,533856.094800322
2024-03-21,537939.3001479902
2024-03-22,538605.705258
2024-03-26,539028.5496826873
2024-03-27,537553.0761406214
2024-03-28,538906.6222780868
2024-04-01,541613.4135073349
2024-04-02,542907.0165703734
2024-04-03,543757.2368170738
2024-04-04,542924.2155891862
2024-04-05,542929.9014504293
2024-04-08,544630.4396099239
2024-04-09,544179.5106134755
2024-04-10,545150.9167332577
2024-04-12,543798.9768071102
2024-04-15,542062.9998702836
2024-04-16,542410.9071100792
2024-04-18,541948.5655271157
2024-04-19,541245.3044702762
2024-04-22,541863.1140347293
2024-04-23,542512.4240475467
2024-04-24,543565.7652188113
2024-04-25,543828.1759548953
2024-04-26,544109.2024986792
2024-04-29,545124.4589355357
2024-04-30,544261.2414296388
2024-05-02,545458.0753422461
2024-05-03,545458.048252898
2024-05-06,542432.5333282598
2024-05-07,540577.4259892943
2024-05-08,543423.6366275048
2024-05-09,538540.1582579683
2024-05-10,539509.6321486578
2024-05-13,539591.0970564205
2024-05-14,541495.6824519143
2024-05-15,539969.3216305766
2024-05-16,542235.7683754142
2024-05-17,542740.2264780748
2024-05-21,542671.8869591586
2024-05-22,542767.1173054082
2024-05-23,544083.2936037257
2024-05-24,543270.7108222141
2024-05-27,543018.2127757107
2024-05-28,543488.5650441439
2024-05-29,542826.8892444291
2024-05-30,539591.5580491382
2024-05-31,539171.8809207054
2024-06-03,550274.1881934511
2024-06-04,534848.1751335638
2024-06-05,542529.8348389969
2024-06-06,545060.9323092846
2024-06-07,548767.8787317737
2024-06-10,547609.7486887439
2024-06-11,549956.6158792665
2024-06-12,551573.0333786814
2024-06-13,551768.8586876951
2024-06-14,552805.3989602221
2024-06-18,551761.4410770191
2024-06-19,549633.1890308526
2024-06-20,550018.7510013371
2024-06-21,549996.8677158146
2024-06-24,550030.0233000764
2024-06-25,549571.9604691498
2024-06-26,549589.195219347
2024-06-27,550139.0255135333
2024-06-28,550851.3076523211
2024-07-01,554009.2231796648
2024-07-02,553635.9706517668
2024-07-03,554570.6513146086
2024-07-04,554545.9904771876
2024-07-05,554882.6595543234
2024-07-08,555571.8488224534
2024-07-09,556285.7891453294
2024-07-10,557556.5279519653
2024-07-11,556988.2173719497
2024-07-12,558088.3086451286
2024-07-15,560613.9424421329
2024-07-16,561027.5061402089
2024-07-18,561751.4167100391
2024-07-19,558903.2115972559
2024-07-22,556656.3744934875
2024-07-23,557573.4355657429
2024-07-24,557977.3479488257
2024-07-25,559205.1529620938
2024-07-26,563591.8519968875
2024-07-29,563939.7181830874
2024-07-30,563664.9900248349
2024-07-31,565292.7956102957
2024-08-01,565506.4020481921
2024-08-02,563486.7484050677
2024-08-05,559988.9391686821
2024-08-06,558608.0063312443
2024-08-07,560770.4808536745
2024-08-08,560550.9420814532
2024-08-09,562120.8847904523
2024-08-12,561489.9336157761
2024-08-13,559883.627669426
2024-08-14,558004.9913897903
2024-08-16,559987.1113739727
2024-08-19,561316.8440559083
2024-08-20,563492.3800766784
2024-08-21,564111.6388199645
2024-08-22,564665.0810044127
2024-08-23,562840.7072478993
2024-08-26,564688.3421228833
2024-08-27,564118.228707771
2024-08-28,563865.08317548
2024-08-29,563734.0392917953
2024-08-30,564786.9286741592
2024-09-02,564082.987289955
2024-09-03,564347.8059464409
2024-09-04,564119.1080002014
2024-09-05,563352.570188782
2024-09-06,562599.5116888355
2024-09-09,563005.7097004894
2024-09-10,562384.0374866668
2024-09-11,561914.5458335595
2024-09-12,562985.8899901193
2024-09-13,563500.0320647042
2024-09-16,563369.1959822457
2024-09-17,563529.8476550265
2024-09-18,560769.3208114294
2024-09-19,559882.6731223449
2024-09-20,558758.6906413676
2024-09-23,561789.4580774165
2024-09-24,560366.3946924068
2024-09-25,559608.8072061397
2024-09-26,562241.6561999507
2024-09-27,563355.1658220362
2024-09-30,563042.3990621654
2024-10-01,563006.416576731
2024-10-03,562433.7584956763
2024-10-04,561166.4910548804
2024-10-07,559673.4971482635
2024-10-08,559206.467051116
2024-10-09,560264.3073700181
2024-10-10,558754.4947335789
2024-10-11,558803.8576678974
2024-10-14,560411.4898688504
2024-10-15,558902.9670569608
2024-10-16,557765.8885855152
2024-10-17,556077.1398530467
2024-10-18,557971.6494340498
2024-10-21,555995.9046257436
2024-10-22,552956.6154760983
2024-10-23,553343.1085334141
2024-10-24,553820.6715132608
2024-10-25,551351.4028685098
2024-10-28,553531.6804250374
2024-10-29,553685.1925046889
2024-10-30,553705.0201716921
2024-10-31,552811.6622172393
2024-11-01,553767.0756399892
2024-11-04,551777.4382318044
2024-11-05,552664.7751045036
2024-11-06,553436.172101665
2024-11-07,551275.4463488755
2024-11-08,551181.4496488695
2024-11-11,550404.4593174307
2024-11-12,548198.0469333975
2024-11-13,544493.413573252
2024-11-14,544268.4094794625
2024-11-18,544255.8312421173
2024-11-19,544133.7855059272
2024-11-21,543469.216601859
2024-11-22,542803.3003228295
2024-11-25,544691.0186532128
2024-11-26,545039.4309533227
2024-11-27,545738.9493280367
2024-11-28,543910.4885415966
2024-11-29,544894.1305060948
2024-12-02,544067.0486283859
2024-12-03,545669.1312818695
2024-12-04,544713.2373729348
2024-12-05,545589.4503398538
2024-12-06,545320.5340572
2024-12-09,544906.0384948316
2024-12-10,545015.9143916569
2024-12-11,545265.5273444513
2024-12-12,544942.5203804537
2024-12-13,545091.7465261531
2024-12-16,544871.5153097224
2024-12-17,543273.6744436335
2024-12-18,542513.3591054988
2024-12-19,542093.0891141957
2024-12-20,540739.1770048207
2024-12-23,541312.195378157
2024-12-24,541121.7573288406
2024-12-26,540457.3743328805
2024-12-27,540780.1283764596
2024-12-30,540727.7229608139
2024-12-31,541188.3935845932
2025-01-01,540461.946989727
2025-01-02,542631.2324146215
2025-01-03,541943.389869981
2025-01-06,538329.224106126
2025-01-07,539010.8200870503
2025-01-08,539029.683536147
2025-01-09,536947.0954925512
2025-01-10,535863.9223525214
2025-01-13,533105.2455292111
2025-01-14,532943.3730091642
2025-01-15,531980.2435612712
2025-01-16,532970.629999459
2025-01-17,532609.3286476438
2025-01-20,534414.6348793774
2025-01-21,532528.6914742261
2025-01-22,529853.8309275124
2025-01-23,530285.8293289673
2025-01-24,528194.49977107
2025-01-27,523991.7253276208
2025-01-28,523579.778264421
2025-01-29,524450.1382393222
2025-01-30,524560.6732913218
2025-01-31,527653.2298286816
2025-02-01,528220.6039567193
2025-02-03,525981.0200181206
2025-02-04,527588.8656962211
2025-02-05,528802.4189934105
2025-02-06,527650.1466695253
2025-02-07,529606.1737459754
2025-02-10,528254.8624372592
2025-02-11,526055.7812299838
2025-02-12,525593.9693456877
2025-02-13,526819.3384934239
2025-02-14,525894.6489792637
2025-02-17,526618.286242915
2025-02-18,526621.063586665
2025-02-19,525045.429664228
2025-02-20,526594.6043422826
2025-02-21,525460.0844191236
2025-02-24,523796.5755950373
2025-02-25,522103.58332455455
2025-02-27,523148.88490447926
2025-02-28,519199.8243722886
2025-03-03,519964.4089815098
2025-03-04,518342.5559857369
2025-03-05,520420.94443417696
2025-03-06,522983.38829878374
2025-03-07,521555.888534908
2025-03-10,518544.9918826863
2025-03-11,518540.73265300307
2025-03-12,518108.6378314374
2025-03-13,516645.1002345363
2025-03-17,517969.6321687405
2025-03-18,517969.6321687405
2025-03-19,523233.0732715158
2025-03-20,524998.7812274966
2025-03-21,527057.4305213095
2025-03-24,530887.7525809408
2025-03-25,528572.9767729673
2025-03-26,527682.2427718076
2025-03-27,530190.7360813092
2025-03-28,528026.2823810603
2025-04-01,527639.6491610005
2025-04-02,527554.0577244121
2025-04-03,529028.6730104631
2025-04-04,524839.719572658
2025-04-07,520183.48739982833
2025-04-08,523964.97845882096
2025-04-09,522899.13277095475
2025-04-11,522543.6052756328
2025-04-15,527242.1367032483
2025-04-16,530595.5096585705
2025-04-17,532044.3578488781
2025-04-21,539074.1852467738
2025-04-22,538273.879384347
2025-04-23,541985.5523009861
2025-04-24,544356.5224787975
2025-04-25,540237.4655940318
2025-04-28,542725.9469020152
2025-04-29,541764.5853564086
2025-04-30,542292.3918486855
2025-05-02,540351.2292534546
2025-05-05,540892.9968210701
2025-05-06,540143.7353312019
2025-05-07,540486.8462015633
2025-05-08,539374.3624871781
2025-05-09,539091.0408185015
2025-05-12,541217.1242998112
2025-05-13,539509.8409615719
2025-05-14,540734.9865373404
2025-05-15,543654.1769975455
2025-05-16,544053.597026232
2025-05-19,544167.6859086783
2025-05-20,541276.4632033415
2025-05-21,542348.2413535287
2025-05-22,541587.0437665333
2025-05-23,541118.3747104494
2025-05-26,541983.7353123312
2025-05-27,541773.4644688254
2025-05-28,541003.8560334919
2025-05-29,541885.5897989866
2025-05-30,540879.6983347532
2025-06-02,541158.1307543342
2025-06-03,540239.2588931383
2025-06-04,540355.9136172594
2025-06-05,540022.6329944265
2025-06-06,538414.9655995527
2025-06-09,539418.9632004034
2025-06-10,538922.6426322823
2025-06-11,540688.6387223923
2025-06-12,537953.9824723923
2025-06-13,536834.9497728073
2025-06-16,539401.434161223
2025-06-17,539107.5878533861
2025-06-18,537655.9298589791
2025-06-19,536425.4597611639
2025-06-20,537444.0519248415
2025-06-23,537122.2517234255
2025-06-24,538651.5084146454
2025-06-25,538926.9476191539
2025-06-26,540475.74101515
2025-06-27,540411.1060664195
2025-06-30,540047.4742372183
2025-07-01,540324.6771028189
2025-07-02,541504.0497779923
2025-07-03,540441.6163618442
2025-07-04,540491.1985372237
2025-07-07,540769.5408809991
2025-07-08,540786.9479990632
2025-07-09,540000.4222117097
2025-07-10,539699.5482537451
2025-07-11,538897.0590874853
2025-07-14,538549.3032618999
2025-07-15,538523.4595835737
2025-07-16,538664.8025027767
2025-07-17,538309.6377332117
2025-07-18,538338.3485181239
2025-07-21,538474.2897814447
2025-07-22,537356.5184878344
2025-07-23,538021.7791382328
2025-07-24,537987.6854340092
2025-07-25,537349.1324746287
2025-07-28,536210.4534279979
2025-07-29,536267.2897245219
2025-07-30,536227.5873659689
2025-07-31,535903.7564340637
2025-08-01,536042.6486021983
2025-08-04,535651.7426951973
2025-08-05,535216.093052253
2025-08-06,533808.3422740548
2025-08-07,535134.5293620675
2025-08-08,533084.9693979616
2025-08-11,534080.0743013611
2025-08-12,534164.219971023
2025-08-13,534741.9312846691
2025-08-14,534477.2931773693
2025-08-18,536557.3021563299
2025-08-19,537072.018144489
2025-08-20,537755.1895443613
2025-08-21,537274.4168774302
2025-08-22,535619.0217613983
2025-08-25,536974.7194376593
2025-08-26,535202.6340075063
2025-08-28,533636.5018053579
2025-08-29,533381.6269436622
2025-09-01,534134.7437233506
2025-09-02,535282.951328405
2025-09-03,536044.3844141713
2025-09-04,535054.9124080194
2025-09-05,534004.1858971596
2025-09-08,535206.0292485901
2025-09-09,534549.7522373843
2025-09-10,535077.2691454154
2025-09-11,534523.1910589214
2025-09-12,533569.4001492638
2025-09-15,533825.5049746099
2025-09-16,534349.9239759953
2025-09-17,534452.6186504612
2025-09-18,535413.439120921
2025-09-19,535816.0442082012
2025-09-22,534714.5523297136
2025-09-23,534158.7173188296
2025-09-24,532699.5041056176
2025-09-25,531611.7851736881
2025-09-26,530337.2051344977
2025-09-29,529894.1926845952
2025-09-30,530570.1561442838
2025-10-01,530210.0994698899
2025-10-03,531521.5918723057
2025-10-06,530721.0332310363
2025-10-07,530877.356091754
2025-10-08,529176.0663840768
2025-10-09,531906.2412619164
2025-10-10,532197.1887629584
2025-10-13,531730.0445618236
2025-10-14,531524.8615061354
2025-10-15,531297.9634225614
2025-10-16,532461.7855103845
2025-10-17,531036.4493782315
2025-10-20,534044.6589376288
2025-10-21,533943.5606405097
2025-10-23,534833.0934024104
2025-10-24,532997.8955753804
2025-10-27,533062.0071693817
2025-10-28,534091.8889727623
2025-10-29,536936.4611725674
2025-10-30,535907.3717865811
2025-10-31,534990.3558221199
2025-11-03,536296.5637994922
2025-11-04,535700.4177135048
2025-11-06,534398.3435876224
2025-11-07,535204.8751506533
2025-11-10,534915.845819175
2025-11-11,535737.7067919832
2025-11-12,537012.4807309951
2025-11-13,536785.3532135431
2025-11-14,536248.6330597345
2025-11-17,537050.6212629369
2025-11-18,535796.4810534697
2025-11-19,536479.4658941226
2025-11-20,536764.9116101672
2025-11-21,536489.0476880481
2025-11-24,536732.1498761585
2025-11-25,536074.3317582873
2025-11-26,536628.0901473452
2025-11-27,536719.0851531839
2025-11-28,536152.6742492532
2025-12-01,536787.9938778144
2025-12-02,536166.0227321845
2025-12-03,534785.0717078676
2025-12-04,534913.0546436005
2025-12-05,536162.1656315231
2025-12-08,535613.6721775436
2025-12-09,534326.4384319298
2025-12-10,534615.4280101769
2025-12-11,534021.5438089469
2025-12-12,535084.6053745328
2025-12-15,535448.3024593187
2025-12-16,533840.2723995042
2025-12-17,533082.4580684495
2025-12-18,532653.4633601226
2025-12-19,533259.4932067182
2025-12-22,534270.8240599731
2025-12-23,534207.5271697182
2025-12-24,533558.7948393959
2025-12-26,533253.48493339
2025-12-29,532607.4279382636
2025-12-30,531239.570588407
2025-12-31,531763.2791843074
2026-01-01,532663.221742724
2026-01-02,534519.0681172357
2026-01-05,534364.2167988763
2026-01-06,533901.2738514886
2026-01-07,534582.7194474989
2026-01-08,530227.8571625361
2026-01-09,530119.3746749617
2026-01-12,530363.4045263106
2026-01-13,530239.2351232345
2026-01-14,530585.0695947867
2026-01-15,530541.372391484
2026-01-16,531590.2119447854
2026-01-19,530967.791214084
2026-01-20,527159.3043554493
2026-01-21,527500.5218519641
2026-01-22,530472.4948260656
2026-01-23,527113.8591754308
2026-01-27,527425.7328974217
2026-01-28,529194.2069145751
2026-01-29,529205.1203514647
2026-01-30,527291.3429724397
2026-02-02,525254.6643447545
2026-02-03,526892.6248949263
2026-02-04,527821.2524003554
2026-02-05,528129.1094725992
2026-02-06,527521.9005645182
2026-02-09,529716.2277622554
2026-02-10,529736.0882206294
2026-02-11,529808.62725342
2026-02-12,529281.4540319564
2026-02-13,528685.4242717968
2026-02-16,528474.6080660615
2026-02-17,529588.5275209148
2026-02-18,530888.7141669069
2026-02-19,528260.4982791111
2026-02-20,528978.4548392035
2026-02-23,530126.3016562201
2026-02-24,530304.7369209549
2026-02-25,531209.5587926223
2026-02-26,532642.0778480107
2026-02-27,531468.743695789
2026-03-02,528828.2479247281
2026-03-04,525532.0286406705
2026-03-05,527536.0390558767
2026-03-06,525589.6249101451
2026-03-09,522553.4868345097
2026-03-10,525893.8879861247
2026-03-11,523452.26570218924
2026-03-12,523471.92907198006
2026-03-13,516088.0704909037
2026-03-16,514763.03313346894
2026-03-17,516840.06619926484
2026-03-18,521431.0378718105
2026-03-19,514490.5986475673
2026-03-20,516695.8038646981
2026-03-23,510628.9095012948
2026-03-24,512577.43169675383
2026-03-25,514713.90139279875
2026-03-27,511410.97634220315
2026-03-30,507553.34508609964
2026-04-01,508312.7287589984
2026-04-02,509002.295699306
2026-04-06,510722.6622146995
2026-04-07,512000.64567417215
2026-04-08,521253.82590566296
2026-04-09,520023.7133720936
2026-04-10,523929.9656038761
2026-04-13,521422.6035738468
2026-04-15,524814.0357080235
2026-04-16,524739.2901941075
2026-04-17,526673.4729104446
2026-04-20,526689.0703988479
2026-04-21,526742.0045961968
2026-04-22,526930.106219732
2026-04-23,525232.7970871637
2026-04-24,524396.5778488824
2026-04-27,525811.5488539336
2026-04-28,524792.8795199303
2026-04-29,524890.9891492447
2026-04-30,523340.8433362564
2026-05-01,523299.4832440286
2026-05-04,524100.06447214016
2026-05-05,522085.47768529446
2026-05-06,524567.9180474067
2026-05-07,525500.0016110474
2026-05-08,525037.1220944459
2026-05-11,522858.75338106696
2026-05-12,517961.30189999955
2026-05-13,517956.1043825118
2026-05-14,519043.2985835744
2026-05-15,515954.8663709203
2026-05-18,514816.10340730805
2026-05-19,516043.46807710786
2026-05-20,515021.1404936431
2026-05-21,514861.97815838206
2026-05-22,515099.7767087897
2026-05-25,518339.66750314465
2026-05-26,517477.10696215427
2026-05-27,517533.4894405461
2026-05-28,517485.9724908086
2026-05-29,513472.72989503416
2026-06-01,511294.76668033365
2026-06-02,512915.33904869546
2026-06-03,510597.11718454777
2026-06-04,510578.0783563814
2026-06-05,510278.41966096306
2026-06-08,508109.73483125115
2026-06-09,509614.5799976442
2026-06-10,507693.6900583487
2026-06-11,506464.27752275195
2026-06-12,509508.96320315864
2026-06-15,511983.71168884845
2026-06-16,513142.1659887752
2026-06-17,513710.53180218016
2026-06-18,514690.35220999643
2026-06-19,511928.5917882435
2026-06-22,513344.2954942575
2026-06-23,509976.74513394124
2026-06-24,511313.3244872378
2026-06-25,509548.4260323513
2026-06-26,509421.5395302443
2026-06-29,509363.03330465837
2026-06-30,507904.2422940236
2026-07-01,507514.3387698577
2026-07-02,507579.05881512596
2026-07-03,508864.80218728277
2026-07-06,509453.3329795191
2026-07-07,510166.29637368413
2026-07-08,505556.48406264605
2026-07-09,506502.92087143613
2026-07-10,506564.23552995105
2026-07-13,507784.82534106023
2026-07-14,505799.7285104353
2026-07-15,506569.73626190017
2026-07-16,505985.36478668044
2026-07-17,506674.1227576405
2026-07-20,507525.7077988321
2026-07-21,507893.8198217161
2026-07-22,506067.2575062286
2026-07-23,504761.2422271427
2026-07-24,505022.23140866123
2026-07-27,506647.98496104404
2026-07-28,506756.3966812932
2026-07-29,508344.64514996036
2026-07-30,508234.1227661425
2026-07-31,508770.51326014806
2026-08-03,511653.49458339025
2026-08-04,510125.3084727592
2026-08-05,511190.936284622
2026-08-06,509653.5012502971
2026-08-07,509126.4004504172
2026-08-10,509039.0036478478
2026-08-11,507654.81238859345
2026-08-12,507205.20623319794
2026-08-13,506896.0793529055
2026-08-14,506173.73022353614
2026-08-17,505701.27041172795
2026-08-18,505286.957545517
2026-08-19,505441.5119521276
2026-08-20,504877.7508202557
2026-08-21,505767.7111764609
2026-08-24,505404.2125662052
2026-08-25,505270.848017028
2026-08-26,506315.4630530191
2026-08-27,505255.1640417886
2026-08-28,504775.2186362656
2026-08-31,503899.3713756561
2026-09-01,503841.89183821186
2026-09-02,502641.56532769685
2026-09-03,501960.01140737784
2026-09-04,502617.7622037636
2026-09-07,500668.6153751738
2026-09-08,500091.6452021475
2026-09-09,499851.9460353707
2026-09-10,499877.6887618093
2026-09-11,498979.6875411062
2026-09-14,498894.09284551605
2026-09-15,497242.0167289243
2026-09-16,496483.9148940619
2026-09-17,498607.1389769048
2026-09-18,499032.46654391644
2026-09-21,499334.8060214555
