Date,0
2018-10-01,500000.0
2018-10-03,490790.7581352355
2018-10-04,483576.47666065244
2018-10-05,473796.77098430274
2018-10-08,474440.96088967094
2018-10-09,471274.8260929786
2018-10-10,481221.1377502522
2018-10-11,470063.2682931265
2018-10-12,481077.4387304399
2018-10-15,481453.45698556403
2018-10-16,485091.19878025854
2018-10-17,479056.47977273515
2018-10-19,475903.41048086435
2018-10-22,473556.6752055977
2018-10-23,466042.90630202024
2018-10-24,472952.60284371674
2018-10-25,469953.2341273189
2018-10-26,466966.6805578653
2018-10-29,479109.9831090671
2018-10-30,478082.3294817307
2018-10-31,486005.9417194342
2018-11-01,487195.42418898776
2018-11-02,493259.358621957
2018-11-05,495057.20651317236
2018-11-06,493013.28711852495
2018-11-07,495734.7837612393
2018-11-09,495692.93160359794
2018-11-12,491995.9224699094
2018-11-13,495682.7546259625
2018-11-14,495844.48218085465
2018-11-15,499820.082499816
2018-11-16,504864.8412182738
2018-11-19,506882.5585915895
2018-11-20,502171.8247356475
2018-11-21,502199.06303272967
2018-11-22,497526.9940291593
2018-11-26,503903.1169309318
2018-11-27,505032.3527853636
2018-11-28,505445.04546084156
2018-11-29,510929.75329532765
2018-11-30,512182.1154287637
2018-12-03,512707.81317586434
2018-12-04,511472.1965792421
2018-12-05,506028.6047874438
2018-12-06,496878.2919924427
2018-12-07,503354.46954840614
2018-12-10,492803.3420708241
2018-12-11,497809.43868789106
2018-12-12,506696.9253460859
2018-12-13,510526.5227222314
2018-12-14,511495.64276379475
2018-12-17,512718.1243548429
2018-12-18,514308.0596119327
2018-12-19,518424.5351690865
2018-12-20,515684.7731638772
2018-12-21,505470.4929450367
2018-12-24,503250.2339063004
2018-12-26,505816.94674895384
2018-12-27,507076.6516517371
2018-12-28,512390.2571653752
2018-12-31,512005.5443408482
2019-01-01,513773.8766082722
2019-01-02,510313.0007320801
2019-01-03,506832.4364248792
2019-01-04,507574.3587277811
2019-01-07,509890.27815566014
2019-01-08,513454.9302828328
2019-01-09,517008.6536977685
2019-01-10,516345.603475176
2019-01-11,514255.8612403262
2019-01-14,511455.11321385193
2019-01-15,518172.5173755364
2019-01-16,517719.5080316743
2019-01-17,516493.1450544371
2019-01-18,513940.9337726345
2019-01-21,515953.6591653545
2019-01-22,517149.1037779539
2019-01-23,514466.40312821476
2019-01-24,514711.76565800805
2019-01-25,510394.315241943
2019-01-28,503925.7099492453
2019-01-29,506143.1980286456
2019-01-30,509173.2041613662
2019-01-31,518181.3561784417
2019-02-01,520476.0351329808
2019-02-04,521261.5992789825
2019-02-05,523559.38079041167
2019-02-06,528532.279737217
2019-02-07,530159.37876216
2019-02-08,525504.9289008282
2019-02-11,521339.18267467036
2019-02-12,519188.9286803063
2019-02-14,513645.4691085367
2019-02-15,511204.3672160761
2019-02-18,506646.59950884874
2019-02-19,505849.1459130166
2019-02-20,511787.4986111266
2019-02-21,514656.1519169002
2019-02-22,514672.66381385777
2019-02-25,519376.7552339651
2019-02-26,518217.5669085073
2019-02-27,516946.47584400413
2019-02-28,515024.78528145223
2019-03-01,516665.55613354483
2019-03-05,521318.88564910745
2019-03-06,524260.75384216144
2019-03-07,523335.5079153782
2019-03-08,522475.41590975353
2019-03-11,529612.9930856978
2019-03-12,536727.4282227162
2019-03-13,537042.0647812511
2019-03-14,536795.8845646435
2019-03-15,539009.3162444127
2019-03-18,540208.5523153703
2019-03-19,543881.768079479
2019-03-20,542492.0596948126
2019-03-22,539930.4587390755
2019-03-25,534356.9821753439
2019-03-26,541086.297442894
2019-03-27,540155.2070499102
2019-03-28,547983.0456294798
2019-04-01,552390.887105901
2019-04-02,554280.9286262811
2019-04-03,550770.4637068225
2019-04-04,549531.563038529
2019-04-05,552484.4601465646
2019-04-08,549789.8848422456
2019-04-09,552753.554228811
2019-04-10,550165.1009220128
2019-04-11,551166.1674028146
2019-04-12,553332.0236597641
2019-04-15,555444.7783498183
2019-04-16,560328.2733967486
2019-04-18,558993.8846609853
2019-04-22,554792.5359987874
2019-04-23,554897.2257367965
2019-04-24,561614.1979363817
2019-04-25,559659.8182749928
2019-04-26,564305.809293551
2019-04-30,565111.590799117
2019-05-02,561787.31346793
2019-05-03,561382.8519617132
2019-05-06,555952.2052383288
2019-05-07,553229.8855948205
2019-05-08,547421.4084896313
2019-05-09,546344.7442604672
2019-05-10,547192.5544439446
2019-05-13,541684.8244322359
2019-05-14,545601.2735162796
2019-05-15,544462.427271042
2019-05-16,550671.178740105
2019-05-17,559435.3957491023
2019-05-20,579779.1629979159
2019-05-21,574072.2134251882
2019-05-22,575960.7315343267
2019-05-23,572798.090553315
2019-05-24,582727.7318019932
2019-05-27,587476.6150775137
2019-05-28,586051.7179357519
2019-05-29,583223.0133465278
2019-05-30,588145.4777772278
2019-05-31,587327.2745305044
2019-06-03,594399.4199464736
2019-06-04,591972.1502999937
2019-06-06,585070.6700112383
2019-06-07,586642.0697231712
2019-06-10,591318.8175574661
2019-06-11,592389.9293126807
2019-06-12,589867.022417327
2019-06-13,591776.2459433253
2019-06-14,586548.0773657272
2019-06-17,578842.2154814918
2019-06-18,580118.2347235372
2019-06-19,580931.3221426727
2019-06-20,589095.0906586336
2019-06-21,583915.3243873469
2019-06-24,583601.9552482874
2019-06-25,588125.493357505
2019-06-26,590262.9545535652
2019-06-27,591020.737097419
2019-06-28,590623.117835171
2019-07-01,591979.1194207905
2019-07-02,593511.1125115041
2019-07-03,593494.669344571
2019-07-04,595081.6186200362
2019-07-05,589854.6754315428
2019-07-08,573807.0393687052
2019-07-09,572592.4073081996
2019-07-10,568363.621372067
2019-07-11,571028.2217674877
2019-07-12,568473.2976354867
2019-07-15,569802.4243227136
2019-07-16,574413.5825614347
2019-07-17,575360.1422118911
2019-07-18,570488.0361968577
2019-07-19,562199.7489586462
2019-07-22,559370.754595764
2019-07-23,560961.4216708007
2019-07-24,556645.8505585048
2019-07-25,555712.9245177193
2019-07-26,560715.2308459993
2019-07-29,557128.7449432942
2019-07-30,554316.6304324782
2019-07-31,554198.8875469377
2019-08-01,547501.7964755608
2019-08-02,549126.544720763
2019-08-05,543879.9737504864
2019-08-06,549909.8031680998
2019-08-07,546005.5590162254
2019-08-08,553150.742654739
2019-08-09,558564.2179076782
2019-08-13,548084.2164705658
2019-08-14,552759.8373924366
2019-08-16,553647.1082225632
2019-08-19,555137.8030379005
2019-08-20,553395.5195356106
2019-08-21,550560.3567855813
2019-08-22,543539.0354469931
2019-08-23,545919.1328077972
2019-08-26,556832.9466807169
2019-08-27,558229.8427876849
2019-08-28,554697.1210528796
2019-08-29,550721.3604338336
2019-08-30,554816.4469965243
2019-09-03,542935.3955818039
2019-09-04,543691.208877968
2019-09-05,544667.4689233117
2019-09-06,549256.1062023352
2019-09-09,554894.5409117877
2019-09-11,555182.7477728516
2019-09-12,551191.2531567176
2019-09-13,556347.1159871999
2019-09-16,555643.1279180408
2019-09-17,547095.0653156318
2019-09-18,548882.4290252597
2019-09-19,542049.5171363527
2019-09-20,576506.8711563706
2019-09-23,595040.1430501724
2019-09-24,591458.2173205679
2019-09-25,583044.0969663548
2019-09-26,591022.7588956963
2019-09-27,590210.6205623584
2019-09-30,589624.2591052578
2019-10-01,582064.9251512244
2019-10-03,579419.7231662332
2019-10-04,569553.1711808824
2019-10-07,568300.9642593017
2019-10-09,578773.4813403928
2019-10-10,575783.2829871152
2019-10-11,580357.721424731
2019-10-14,582871.7336869086
2019-10-15,586426.5792725185
2019-10-16,590094.9198178407
2019-10-17,595690.621308496
2019-10-18,600420.3841513036
2019-10-22,597731.1240083091
2019-10-23,598990.8351335195
2019-10-24,598229.6678583415
2019-10-25,600180.8318569817
2019-10-27,600483.535307114
2019-10-29,605567.6420708309
2019-10-30,608861.5806186735
2019-10-31,612201.8627855524
2019-11-01,612057.0760176226
2019-11-04,612706.588160031
2019-11-05,612096.0890697765
2019-11-06,608297.4945523124
2019-11-07,610316.626670209
2019-11-08,604071.4318550656
2019-11-11,603675.336938551
2019-11-13,599832.9995387277
2019-11-14,601227.2857766716
2019-11-15,605488.5772224183
2019-11-18,605544.9898903978
2019-11-19,609822.7216464455
2019-11-20,611861.8968249569
2019-11-21,609357.9609191723
2019-11-22,604572.0670007048
2019-11-25,614922.1023624603
2019-11-26,611572.0184074779
2019-11-27,615104.1064493076
2019-11-28,617850.0197879351
2019-11-29,612372.6279645202
2019-12-02,612081.4711852048
2019-12-03,609845.9619333476
2019-12-04,613742.3188151043
2019-12-05,612087.3324188346
2019-12-06,607170.5713571991
2019-12-09,606720.5279981376
2019-12-10,604343.5634725408
2019-12-11,605805.0297858494
2019-12-12,608166.5737462053
2019-12-13,613830.3584046125
2019-12-16,610601.1749768317
2019-12-17,615776.0377610407
2019-12-18,616611.6413827541
2019-12-19,618812.2642671897
2019-12-20,623446.7653823533
2019-12-23,622617.1433590713
2019-12-24,620908.0172791898
2019-12-26,616127.7835675693
2019-12-27,621845.0970950163
2019-12-30,622342.1801231204
2019-12-31,618773.1017794709
2020-01-01,617876.49714004
2020-01-02,622067.9878927805
2020-01-03,619126.2995332686
2020-01-06,609017.8680385663
2020-01-07,610817.033697662
2020-01-08,611637.7572216898
2020-01-09,620514.2542479495
2020-01-10,622380.4742535934
2020-01-13,626124.6524175766
2020-01-14,628147.4989185379
2020-01-15,627553.0308431574
2020-01-16,630808.0076675973
2020-01-17,633317.8905319035
2020-01-20,627638.7686705643
2020-01-21,624729.7782360106
2020-01-22,623738.048637373
2020-01-23,629301.1748459754
2020-01-24,634856.4629635355
2020-01-27,629849.5206672504
2020-01-28,624576.8174860494
2020-01-29,629867.8395528184
2020-01-30,623947.5431170248
2020-01-31,622516.604665177
2020-02-03,618235.5683993817
2020-02-04,632257.3252652244
2020-02-05,636336.3345131091
2020-02-06,639108.3855819147
2020-02-07,637801.7937843591
2020-02-10,635335.4478340024
2020-02-11,638073.1675765713
2020-02-12,644312.9085181135
2020-02-13,645681.0606496274
2020-02-14,644430.0827047989
2020-02-17,644554.927929112
2020-02-18,641881.3618415511
2020-02-19,647874.040283652
2020-02-20,645497.2338502494
2020-02-24,633603.6566698814
2020-02-25,632977.7714778559
2020-02-26,627491.3882562382
2020-02-27,626119.5243604145
2020-02-28,604212.5727561942
2020-03-02,599652.3512511823
2020-03-03,608073.4721834965
2020-03-04,604473.4790253547
2020-03-05,607968.0156051146
2020-03-06,596131.2571942302
2020-03-09,570046.9377256535
2020-03-11,568841.6767432643
2020-03-12,524009.3283242794
2020-03-13,540090.4211281271
2020-03-16,502546.1404963315
2020-03-17,490991.15539757966
2020-03-18,464315.9991619326
2020-03-19,450882.7971947596
2020-03-20,476361.67952858785
2020-03-23,412809.70715395315
2020-03-24,427012.81545609504
2020-03-25,454148.76302166143
2020-03-26,473987.8070090552
2020-03-27,471658.44624504313
2020-03-30,456723.0504796546
2020-03-31,471127.51723882096
2020-04-01,452499.30403164093
2020-04-03,440790.9519406758
2020-04-07,482725.4003584645
2020-04-08,480064.3234100085
2020-04-09,499856.7109698351
2020-04-13,493523.5887592291
2020-04-15,492206.003744745
2020-04-16,495575.0683193223
2020-04-17,505950.46024304826
2020-04-20,501275.65992545
2020-04-21,486482.4800925196
2020-04-22,496677.1191088844
2020-04-23,500434.5545906398
2020-04-24,491418.3871885784
2020-04-27,500437.53831348213
2020-04-28,503045.1371023974
2020-04-29,507650.1780947207
2020-04-30,520385.59397516015
2020-05-04,495032.77478602476
2020-05-05,488155.6505060834
2020-05-06,490858.19091650477
2020-05-07,484389.86676262517
2020-05-08,488433.3742837182
2020-05-11,487214.72878156917
2020-05-12,488005.7790999855
2020-05-13,494369.7227109944
2020-05-14,485352.63428861886
2020-05-15,485454.4035385629
2020-05-18,468915.0871286055
2020-05-19,475277.49736130645
2020-05-20,482919.7905133748
2020-05-21,484723.7893194798
2020-05-22,482494.71836505353
2020-05-26,481843.4380107507
2020-05-27,494832.32032820396
2020-05-28,501692.5405257997
2020-05-29,506979.33309759403
2020-06-01,518152.31958909257
2020-06-02,525205.7537719422
2020-06-03,529518.2634393815
2020-06-04,528344.6962821084
2020-06-05,534397.3190582589
2020-06-08,537925.2330076275
2020-06-09,529237.1482003649
2020-06-10,531278.9602906004
2020-06-11,518615.8422912813
2020-06-12,522333.6159033567
2020-06-15,514058.1578628186
2020-06-16,516549.3385893999
2020-06-17,518727.36730025115
2020-06-18,526923.2317742312
2020-06-19,535753.322884146
2020-06-22,540343.6754387363
2020-06-23,550893.0633037926
2020-06-24,540349.078718736
2020-06-25,542533.5953748096
2020-06-26,544268.5018837596
2020-06-29,540849.2664544248
2020-06-30,541602.720663628
2020-07-01,545741.2102255234
2020-07-02,550544.3450748301
2020-07-03,554048.8826257752
2020-07-06,561428.8130818965
2020-07-07,565666.4200588901
2020-07-08,559196.6694384629
2020-07-09,563709.208856862
2020-07-10,562421.606165818
2020-07-13,564797.5471197217
2020-07-14,556859.6454470042
2020-07-15,560254.7609077424
2020-07-16,567090.3558513672
2020-07-17,573236.3421941
2020-07-20,578766.4546345389
2020-07-21,582380.7477170987
2020-07-22,581103.6382216933
2020-07-23,584197.1735404814
2020-07-24,581649.5806098562
2020-07-27,577471.860797022
2020-07-28,586363.2665843737
2020-07-29,583290.553770151
2020-07-30,580169.3505837707
2020-07-31,580780.4098966782
2020-08-03,574045.5663225908
2020-08-04,581217.309236897
2020-08-05,583416.9560562766
2020-08-06,588783.6559882062
2020-08-07,589017.5983603239
2020-08-10,590767.3992922702
2020-08-11,591421.809027998
2020-08-12,589386.1807696504
2020-08-13,589755.1034955629
2020-08-14,583351.8999540887
2020-08-17,586351.2768140843
2020-08-18,594068.026388071
2020-08-19,594587.9607421184
2020-08-20,587779.1072967612
2020-08-21,590581.4842478473
2020-08-24,595466.8589608702
2020-08-25,596986.2671051507
2020-08-26,597998.4723648791
2020-08-27,597650.7187987985
2020-08-28,604761.0863722684
2020-08-31,589373.0226292105
2020-09-01,597016.9668993677
2020-09-02,598513.6393425748
2020-09-03,600365.9060499377
2020-09-04,590798.4049380822
2020-09-07,591016.197574594
2020-09-08,587649.4804356853
2020-09-09,584767.8539879861
2020-09-10,591066.8224986265
2020-09-11,593362.6628226483
2020-09-14,590345.1371404083
2020-09-15,594517.5816090811
2020-09-16,598296.9358394489
2020-09-17,593866.0566656742
2020-09-18,592921.6378457154
2020-09-21,576724.7359597893
2020-09-22,572973.3813314645
2020-09-23,570889.0121175824
2020-09-24,553874.581278623
2020-09-25,568360.1698895679
2020-09-28,577994.812802519
2020-09-29,577266.9778779836
2020-09-30,578626.2966281122
2020-10-01,587534.8989846419
2020-10-05,592442.8830088117
2020-10-06,596693.1206465234
2020-10-07,600625.7218356751
2020-10-08,608196.6498885357
2020-10-09,612282.4670579967
2020-10-12,613041.852435376
2020-10-13,610950.0383293839
2020-10-14,611415.92702614
2020-10-15,596366.8832233747
2020-10-16,599980.9403054852
2020-10-19,607126.0448146752
2020-10-20,609565.654526243
2020-10-21,611633.6344433088
2020-10-22,611260.1449445062
2020-10-23,612197.1612661502
2020-10-26,607246.7975598059
2020-10-27,617299.2704970102
2020-10-28,612033.5072294497
2020-10-29,608861.2781914681
2020-10-30,605470.7028595747
2020-11-02,609547.8931798359
2020-11-03,616043.4896742922
2020-11-04,622597.8044646565
2020-11-05,634752.4269160241
2020-11-06,637778.7904035999
2020-11-09,649811.2399559412
2020-11-10,656456.8385001001
2020-11-11,663233.7202257727
2020-11-12,661108.025403833
2020-11-13,663476.0073082434
2020-11-14,666246.0699262401
2020-11-17,672654.1169262924
2020-11-18,675385.5624560753
2020-11-19,666303.4418379844
2020-11-20,676047.0082879647
2020-11-23,679893.7124137083
2020-11-24,684980.8376252762
2020-11-25,673322.9647271222
2020-11-26,680180.3297395407
2020-11-27,679996.3729209508
2020-12-01,684155.3360503439
2020-12-02,684967.1055353071
2020-12-03,687947.4355466077
2020-12-04,698883.2476080977
2020-12-07,701766.8865335302
2020-12-08,704391.7115852542
2020-12-09,709383.6794373193
2020-12-10,709427.0996493506
2020-12-11,712208.6671734476
2020-12-14,716499.5007928341
2020-12-15,716337.3359538314
2020-12-16,721827.4010062702
2020-12-17,723580.556966573
2020-12-18,725764.4611701786
2020-12-21,704745.5193308076
2020-12-22,712676.901717813
2020-12-23,721990.046366358
2020-12-24,728596.6629441081
2020-12-28,735408.0569027767
2020-12-29,736760.0506462757
2020-12-30,740838.7618667014
2020-12-31,739306.1736500029
2021-01-01,741216.9157017076
2021-01-04,744815.4348832859
2021-01-05,748294.6330204736
2021-01-06,746587.9773773804
2021-01-07,744647.5427245973
2021-01-08,756451.422332027
2021-01-11,761318.321571407
2021-01-12,764152.5009896855
2021-01-13,764989.0299525359
2021-01-14,765721.1344772966
2021-01-15,758769.2849842686
2021-01-18,749448.6940032832
2021-01-19,761259.0566971132
2021-01-20,767740.9572630816
2021-01-21,765493.3941509676
2021-01-22,755601.2336627197
2021-01-25,750139.3410920923
2021-01-27,739775.1345777632
2021-01-28,733223.8188584056
2021-01-29,722389.3951191993
2021-02-01,755903.822236011
2021-02-02,774291.8876662547
2021-02-03,780426.477808606
2021-02-04,788060.3040498488
2021-02-05,790418.3114361966
2021-02-08,798772.4753925635
2021-02-09,799056.9593039075
2021-02-10,797767.412551398
2021-02-11,801122.8846891138
2021-02-12,799058.2876192463
2021-02-15,808703.171767415
2021-02-16,805788.8699969539
2021-02-17,799528.5871359161
2021-02-18,791398.0189041126
2021-02-19,782958.8368809484
2021-02-22,767452.7057166491
2021-02-23,768599.9857766873
2021-02-24,783588.9162797258
2021-02-25,783671.4588466603
2021-02-26,757100.8253542598
2021-03-01,766164.7318737007
2021-03-02,776354.0484132332
2021-03-03,791527.6437497952
2021-03-04,786521.3083291436
2021-03-05,780944.2594396417
2021-03-08,779478.3370051922
2021-03-09,786004.4589456464
2021-03-10,791986.3050163612
2021-03-12,785054.1756797665
2021-03-15,780480.4563399566
2021-03-16,780939.332114298
2021-03-17,770027.6272517462
2021-03-18,762370.912291532
2021-03-19,770935.7513521727
2021-03-22,770832.5465463348
2021-03-23,776978.603395943
2021-03-24,764040.3990858757
2021-03-25,749028.6242759823
2021-03-26,759335.1229799232
2021-03-30,774305.2390039996
2021-03-31,770147.4224552957
2021-04-01,778280.4333998332
2021-04-05,765779.7033568121
2021-04-06,766594.5499309013
2021-04-07,775047.0811301649
2021-04-08,778812.4708672041
2021-04-09,777075.8109483846
2021-04-12,747738.6272698306
2021-04-13,756099.1999129194
2021-04-15,758145.7134235454
2021-04-16,762759.3337548854
2021-04-19,749956.067829196
2021-04-20,748663.4215398809
2021-04-22,751937.9903563372
2021-04-23,746157.692414465
2021-04-26,756669.6245110637
2021-04-27,764948.0713378218
2021-04-28,778150.0021707123
2021-04-29,780182.7877634916
2021-04-30,769431.0980006455
2021-05-03,769860.6672594754
2021-05-04,764794.1011889642
2021-05-05,772927.9654480473
2021-05-06,778636.6476209391
2021-05-07,781236.6332975419
2021-05-10,786317.4926032027
2021-05-11,781337.2990555605
2021-05-12,773481.0253599813
2021-05-14,773258.593646547
2021-05-17,782706.5348072407
2021-05-18,793215.3840840323
2021-05-19,790112.9872429956
2021-05-20,784815.5739236758
2021-05-21,797856.20588206
2021-05-24,798131.1454423162
2021-05-25,800637.531402003
2021-05-26,807776.6206889394
2021-05-27,811994.7977956139
2021-05-28,810010.955634074
2021-05-31,818555.3260391254
2021-06-01,819403.3603815982
2021-06-02,818302.336383959
2021-06-03,827679.3688720822
2021-06-04,825209.5364956752
2021-06-07,828061.0842670707
2021-06-08,829328.2657372702
2021-06-09,823378.0305940793
2021-06-10,833530.6141719209
2021-06-11,833954.4458047575
2021-06-14,836469.8402959608
2021-06-15,838111.137195917
2021-06-16,834209.1813824605
2021-06-17,832810.9660690383
2021-06-18,832296.3476254577
2021-06-21,834864.3666785617
2021-06-22,836764.7263261563
2021-06-23,833156.6549501633
2021-06-24,839760.2443829072
2021-06-25,842872.1500566227
2021-06-28,839358.2953215571
2021-06-29,835944.0975197162
2021-06-30,835030.275174195
2021-07-01,832783.4479930319
2021-07-02,835433.3024582568
2021-07-05,840285.0324926758
2021-07-06,841284.7737323514
2021-07-07,842585.6107862623
2021-07-08,834801.813355481
2021-07-09,832942.8649737658
2021-07-12,834575.9134306434
2021-07-13,839193.0637416071
2021-07-14,843553.5723486581
2021-07-15,847589.2987834914
2021-07-16,849399.4479220592
2021-07-19,842025.8244290748
2021-07-20,836770.8554606739
2021-07-22,849918.3130768836
2021-07-23,854533.2544973799
2021-07-26,853436.1045188108
2021-07-27,851775.5715416762
2021-07-28,852494.6102691098
2021-07-29,855948.0808491542
2021-07-30,851819.8291069267
2021-08-02,858725.0830001534
2021-08-03,876063.5162829647
2021-08-04,877733.7304846405
2021-08-05,878442.7639526492
2021-08-06,874984.5687085023
2021-08-09,876011.7229793995
2021-08-10,879045.3860511986
2021-08-11,876444.4586482804
2021-08-12,880701.7485636951
2021-08-13,889155.5515144306
2021-08-16,889871.3791267788
2021-08-17,896729.9485472448
2021-08-18,896757.5449481474
2021-08-20,893710.7769081228
2021-08-23,898598.6748629884
2021-08-24,904843.6289872392
2021-08-25,902025.5305431135
2021-08-26,899312.9118572514
2021-08-27,905165.6133716366
2021-08-30,918733.1654707093
2021-08-31,933764.9527538242
2021-09-01,934016.3956516447
2021-09-02,943482.9371388099
2021-09-03,947421.9139600857
2021-09-06,951411.9486713395
2021-09-07,949418.7687074046
2021-09-08,947905.7905791111
2021-09-09,949980.304239313
2021-09-13,950375.2320227905
2021-09-14,951450.750569974
2021-09-15,960070.7763349598
2021-09-16,964087.0791480894
2021-09-17,962943.5549198911
2021-09-20,958110.7260076655
2021-09-21,966496.95369513
2021-09-22,963969.2518763528
2021-09-23,975117.1426634658
2021-09-24,974200.4217434755
2021-09-27,972250.3831559159
2021-09-28,964216.5970665364
2021-09-29,962876.3500128087
2021-09-30,959406.5745781467
2021-10-01,955037.6815867977
2021-10-04,962430.1719147481
2021-10-05,968204.673473843
2021-10-06,957581.5178939089
2021-10-07,970845.3615486452
2021-10-08,975110.5389173506
2021-10-11,976265.0197405596
2021-10-12,983848.4186148234
2021-10-13,991214.5181327509
2021-10-14,1000716.6888003531
2021-10-18,1008272.3098828776
2021-10-19,1000562.1862579605
2021-10-20,995121.107612856
2021-10-21,991596.5718650192
2021-10-22,987714.0052284523
2021-10-25,988543.7720100961
2021-10-26,999569.6661291579
2021-10-27,994271.1575341481
2021-10-28,976028.4600625625
2021-10-29,968503.7225843917
2021-11-01,981852.4411200836
2021-11-02,984032.0616118525
2021-11-03,980411.2234971921
2021-11-04,984693.7603850975
2021-11-08,996414.6297807167
2021-11-09,994449.6285570074
2021-11-10,993198.0744362049
2021-11-11,985290.9571629402
2021-11-12,997763.169754401
2021-11-15,998198.2682115807
2021-11-16,993863.9128673262
2021-11-17,989520.2524451365
2021-11-18,982279.4374592627
2021-11-22,961611.678310547
2021-11-23,966290.6511250284
2021-11-24,961810.3393827999
2021-11-25,966086.798055191
2021-11-26,938040.3571686567
2021-11-29,941040.5161433874
2021-11-30,941838.432800313
2021-12-01,948141.5451948565
2021-12-02,958196.4521245577
2021-12-03,947417.1013456938
2021-12-06,930075.1953186062
2021-12-07,945586.6201007137
2021-12-08,962791.0561062383
2021-12-09,964366.5551529902
2021-12-10,962806.9322119451
2021-12-13,955799.5818854611
2021-12-14,952743.1941194129
2021-12-15,946435.1290273657
2021-12-16,949992.0732763583
2021-12-17,938521.4075421873
2021-12-20,920748.9904079504
2021-12-21,930993.3301241908
2021-12-22,942063.4354084608
2021-12-23,948560.7685802723
2021-12-24,944375.4123891154
2021-12-27,948373.6816322235
2021-12-28,956784.7967245254
2021-12-29,956582.8483739585
2021-12-30,957529.4087172752
2021-12-31,969467.3339354297
2022-01-03,983260.7734074995
2022-01-04,994106.6373596052
2022-01-05,1001695.1209045848
2022-01-06,995809.1557538155
2022-01-07,997594.8561433788
2022-01-10,1007324.3385432385
2022-01-11,1008151.2384692203
2022-01-12,1014663.2906513017
2022-01-13,1012652.2947339505
2022-01-14,1010236.8951536871
2022-01-17,1015654.1481280001
2022-01-18,1005160.4748004494
2022-01-19,993068.2418387802
2022-01-20,985126.5629607858
2022-01-21,976068.0104376345
2022-01-24,948371.8293565918
2022-01-25,956737.6658240393
2022-01-27,947944.9961251166
2022-01-28,948173.3436108211
2022-01-31,962287.678629321
2022-02-01,977078.5368249302
2022-02-02,987451.4822092421
2022-02-03,977706.8819103191
2022-02-04,976394.4373196708
2022-02-07,958942.5013309496
2022-02-08,963293.9425071188
2022-02-09,974026.3317851034
2022-02-10,979422.1547922555
2022-02-11,963744.4550794081
2022-02-14,936109.6796845354
2022-02-15,968175.5823957275
2022-02-16,964653.8587409899
2022-02-17,960913.1787769408
2022-02-18,958375.2683140798
2022-02-21,955321.159719116
2022-02-22,948366.8779278944
2022-02-23,950046.0869413443
2022-02-24,907393.1609456077
2022-02-25,929389.1117906759
2022-02-28,935632.9163192377
2022-03-02,924581.9569823288
2022-03-03,915446.2335100393
2022-03-04,900701.2373933204
2022-03-07,877163.0063843079
2022-03-08,886637.422415526
2022-03-09,904378.3459994562
2022-03-10,918433.3166144384
2022-03-11,919625.9190230689
2022-03-14,933262.5400361771
2022-03-15,927026.0499992844
2022-03-16,944033.6708017145
2022-03-17,961344.0931452328
2022-03-21,950400.1943175984
2022-03-22,958827.6773821892
2022-03-23,953821.2316881674
2022-03-24,950509.5685665138
2022-03-25,943236.0195870817
2022-03-28,948974.1769404016
2022-03-29,954870.6906312942
2022-03-30,964630.6374855009
2022-03-31,964179.8659777342
2022-04-01,973881.6240454644
2022-04-04,986720.1767319093
2022-04-05,983745.2005872652
2022-04-06,979942.3853206857
2022-04-07,970871.7232688724
2022-04-08,978362.1351046859
2022-04-11,971869.0992446063
2022-04-12,965122.4061955415
2022-04-13,964172.52019561
2022-04-18,950902.9434599425
2022-04-19,940166.3824751755
2022-04-20,947403.1337198226
2022-04-21,959443.0118402502
2022-04-22,948939.8431174281
2022-04-25,937919.0041530189
2022-04-26,953304.4310076815
2022-04-27,937231.5562400541
2022-04-28,948378.1693694396
2022-04-29,937894.0885351298
2022-05-02,931857.8486546576
2022-05-04,909394.5754106464
2022-05-05,907399.7428757555
2022-05-06,889963.547114743
2022-05-09,884409.1067454676
2022-05-10,882249.4445078324
2022-05-11,876772.6622683252
2022-05-12,858669.6610815946
2022-05-13,857074.8664520573
2022-05-16,860156.2486648732
2022-05-17,882449.1483011417
2022-05-18,880967.7133743048
2022-05-19,857678.0573581996
2022-05-20,879564.1687947374
2022-05-23,883001.2945343966
2022-05-24,877906.3893253282
2022-05-25,873997.0662173488
2022-05-26,882244.666588171
2022-05-27,892617.8104221654
2022-05-30,909024.0345875917
2022-05-31,902794.8135442816
2022-06-01,895774.6261638924
2022-06-02,902311.3436430129
2022-06-03,897878.7484969733
2022-06-06,895470.2046998743
2022-06-07,883113.8530522796
2022-06-08,881296.2929385181
2022-06-09,886857.92819903
2022-06-10,873575.7852194157
2022-06-13,851671.055507676
2022-06-14,852279.0770040473
2022-06-15,851917.7573723542
2022-06-16,834300.3832684656
2022-06-17,825304.0810388507
2022-06-20,831351.2578322266
2022-06-21,848195.2368119077
2022-06-22,836771.9051607688
2022-06-23,846656.8757785036
2022-06-24,854455.4926783744
2022-06-27,862618.1513624826
2022-06-28,860189.579429159
2022-06-29,855669.4563301095
2022-06-30,855523.5935129208
2022-07-01,859042.5480222534
2022-07-04,865823.2779001289
2022-07-05,864029.7845162391
2022-07-06,878717.4794446294
2022-07-07,886317.4988184796
2022-07-08,892990.6723072933
2022-07-11,888410.9144309215
2022-07-12,880193.9007060298
2022-07-13,877475.672336493
2022-07-14,876146.1873759637
2022-07-15,884451.923973152
2022-07-18,899991.8683285125
2022-07-19,903292.3216677193
2022-07-20,912164.0166742315
2022-07-21,919164.1594726461
2022-07-22,926410.7370121521
2022-07-25,922171.9865135392
2022-07-26,912871.3908052834
2022-07-27,922588.7535830167
2022-07-28,941772.1422169291
2022-07-29,952499.266561215
2022-08-01,960406.6714918666
2022-08-02,963300.8094290615
2022-08-03,963944.8692308044
2022-08-04,965893.5758020941
2022-08-05,970288.9388201756
2022-08-08,972878.803531661
2022-08-10,970069.3594522914
2022-08-11,978274.7505111793
2022-08-12,977189.0596962163
2022-08-16,981638.6520255313
2022-08-17,989500.094965242
2022-08-18,990559.4322738566
2022-08-19,980241.7618121176
2022-08-22,965358.7065169652
2022-08-23,971512.2309234191
2022-08-24,970925.756041677
2022-08-25,966344.7135883389
2022-08-26,969952.200770815
2022-08-29,957973.3047955843
2022-08-30,983758.7152159069
2022-09-01,974122.8333749295
2022-09-02,973499.6356044478
2022-09-05,978251.8275302647
2022-09-06,976887.5586397051
2022-09-07,977847.9586732917
2022-09-08,988675.0127144649
2022-09-09,988906.2780979892
2022-09-12,996361.4394561338
2022-09-13,1004267.0069641437
2022-09-14,1001461.5994315225
2022-09-15,994526.8618239413
2022-09-16,976511.4761436422
2022-09-19,984058.0097052513
2022-09-20,994170.5880864793
2022-09-21,989366.9597480553
2022-09-22,989404.3008940286
2022-09-23,974107.4040793309
2022-09-26,958976.5246398104
2022-09-27,957108.7926570096
2022-09-28,951909.930777321
2022-09-29,947945.62379098
2022-09-30,966833.4565909557
2022-10-03,954736.4140431406
2022-10-04,974598.4243540881
2022-10-06,976731.8909019651
2022-10-07,978998.3244886724
2022-10-10,975702.129190691
2022-10-11,961071.318305153
2022-10-12,968188.2350290525
2022-10-13,958451.8122973414
2022-10-14,967844.5577125781
2022-10-17,975493.299981571
2022-10-18,987193.6937791746
2022-10-19,987928.0834841037
2022-10-20,990911.181474463
2022-10-21,995651.0506070231
2022-10-24,1003774.1773086255
2022-10-25,999649.6968477911
2022-10-27,1003358.7731157407
2022-10-28,1005501.7469028671
2022-10-31,1019040.5858783256
2022-11-01,1024133.136999221
2022-11-02,1017528.0954957233
2022-11-03,1018132.3353241358
2022-11-04,1020840.6123311277
2022-11-07,1024565.7472739833
2022-11-09,1020686.9610507003
2022-11-10,1011093.3767733554
2022-11-11,1021736.3698933779
2022-11-14,1017215.2970419994
2022-11-15,1022297.0008576817
2022-11-16,1022983.014027272
2022-11-17,1019397.1423962029
2022-11-18,1015944.3248624924
2022-11-21,1010588.6932482122
2022-11-22,1014411.6366751199
2022-11-23,1016446.3583122496
2022-11-24,1026178.7088774589
2022-11-25,1025484.7616755882
2022-11-28,1027859.8661525615
2022-11-29,1032203.4354084755
2022-11-30,1038789.5932175695
2022-12-01,1041877.9207799345
2022-12-02,1034312.5968596323
2022-12-05,1033625.2829420267
2022-12-06,1031080.1799884284
2022-12-07,1027918.642918364
2022-12-08,1028081.8909152498
2022-12-09,1025209.006958514
2022-12-12,1024035.2571039469
2022-12-13,1029754.5428051618
2022-12-14,1030150.1163325977
2022-12-15,1017271.465491877
2022-12-16,1008884.356584098
2022-12-19,1017161.1011632883
2022-12-20,1014802.6862191025
2022-12-21,1005125.0307413934
2022-12-22,1003366.0389770975
2022-12-23,988653.5316217272
2022-12-26,998136.5952397389
2022-12-27,1003478.4056807318
2022-12-28,1003889.2628775013
2022-12-29,1007538.4466270476
2022-12-30,1004814.4411784387
2023-01-02,1006958.984767218
2023-01-03,1011736.1444337242
2023-01-04,1003843.9907229115
2023-01-05,996326.4597352274
2023-01-06,987758.0280120685
2023-01-09,999117.1723908676
2023-01-10,987703.7351034556
2023-01-11,985264.4954852686
2023-01-12,984809.9163831815
2023-01-13,989277.7315822156
2023-01-16,987810.5455261762
2023-01-17,994573.0578152377
2023-01-18,999741.9646066955
2023-01-19,995311.1948392936
2023-01-20,987725.6430436352
2023-01-23,991589.6660916558
2023-01-24,990268.5570936739
2023-01-25,980405.5902993294
2023-01-27,967981.1306228803
2023-01-30,973145.9104222548
2023-01-31,974928.9173787978
2023-02-01,974141.6450625901
2023-02-02,978765.4282855471
2023-02-03,996600.1876958344
2023-02-06,992448.5261314649
2023-02-07,989169.4045061828
2023-02-08,996061.7739183399
2023-02-09,997521.1082324248
2023-02-10,996894.2320953811
2023-02-13,993354.2809805642
2023-02-14,1000656.4077476901
2023-02-15,1004812.4288961524
2023-02-16,1005141.5457957991
2023-02-17,998671.5472743171
2023-02-20,994202.1319217258
2023-02-21,991686.188261127
2023-02-22,977870.7701124575
2023-02-23,975621.7880480988
2023-02-24,974662.1595804238
2023-02-27,971879.5793427903
2023-02-28,965154.148610094
2023-03-01,973112.1275987993
2023-03-02,964143.3084284781
2023-03-03,977308.4484892238
2023-03-06,981570.5286068001
2023-03-08,981482.8892779866
2023-03-09,973794.2548884688
2023-03-10,967309.9064911162
2023-03-13,953333.454671348
2023-03-14,949673.1278571385
2023-03-15,945537.0641978926
2023-03-16,948852.0940597599
2023-03-17,955547.4765635864
2023-03-20,950233.1215318046
2023-03-21,957816.5330572918
2023-03-22,960941.1183585271
2023-03-23,959485.6787940876
2023-03-24,952308.5281745885
2023-03-27,953909.3184907162
2023-03-28,950633.0576562815
2023-03-29,957560.1544717979
2023-03-31,970664.4254574513
2023-04-03,974593.517476166
2023-04-05,983337.3723117886
2023-04-06,985051.1066769375
2023-04-10,985127.4672905412
2023-04-11,990192.6334099764
2023-04-12,991017.9921700993
2023-04-13,990471.9786922795
2023-04-17,988489.7761416885
2023-04-18,986870.2084860847
2023-04-19,983547.514744472
2023-04-20,983575.8642086274
2023-04-21,983191.3280152121
2023-04-24,990846.6205194284
2023-04-25,994567.7181775243
2023-04-26,997905.353706013
2023-04-27,1004745.7066398788
2023-04-28,1015013.3197212934
2023-05-02,1016048.0055830014
2023-05-03,1012376.3666322636
2023-05-04,1019901.4338367316
2023-05-05,1020686.763537356
2023-05-08,1030785.8491421302
2023-05-09,1028597.7511328422
2023-05-10,1030870.9957761763
2023-05-11,1030120.5341590937
2023-05-12,1031315.2641801207
2023-05-15,1035824.421950361
2023-05-16,1033413.8672066906
2023-05-17,1027789.4027870984
2023-05-18,1024424.050468727
2023-05-19,1028471.8293936062
2023-05-22,1032629.2704292295
2023-05-23,1030992.8280741354
2023-05-24,1031199.5876950284
2023-05-25,1034286.9819852387
2023-05-26,1045195.2263904562
2023-05-29,1051152.2625576751
2023-05-30,1053594.3753807044
2023-05-31,1054694.6929073974
2023-06-01,1052136.719993816
2023-06-02,1057236.3998607802
2023-06-05,1059395.8776925341
2023-06-06,1061659.7145542747
2023-06-07,1069080.9600079316
2023-06-08,1060731.450010905
2023-06-09,1057630.711136227
2023-06-12,1059085.5312077694
2023-06-13,1066364.0101540827
2023-06-14,1066500.8466113224
2023-06-15,1063366.1277607465
2023-06-16,1069662.14091829
2023-06-19,1067788.614612863
2023-06-20,1068455.0310800902
2023-06-21,1068761.4015175393
2023-06-22,1063166.962394119
2023-06-23,1057593.60932213
2023-06-26,1059975.9925802392
2023-06-27,1066216.3021421635
2023-06-28,1075190.790479696
2023-06-30,1087652.8381380811
2023-07-03,1093149.8550800919
2023-07-04,1101684.4712091694
2023-07-05,1105763.8632937735
2023-07-06,1108534.2087595756
2023-07-07,1101498.8296187962
2023-07-10,1096941.5065398952
2023-07-11,1102596.8618566126
2023-07-12,1100792.5776101172
2023-07-13,1102011.4945396665
2023-07-14,1108546.6150398375
2023-07-17,1114380.3306699
2023-07-18,1112998.666482265
2023-07-19,1118377.6257547464
2023-07-20,1125797.0105667743
2023-07-21,1115810.9751871217
2023-07-24,1111560.021850787
2023-07-25,1110468.6829042053
2023-07-26,1115329.2253861015
2023-07-27,1109865.787596631
2023-07-28,1110243.3423463018
2023-07-31,1113578.7249058986
2023-08-01,1111569.3688241516
2023-08-02,1103066.488685029
2023-08-03,1091258.120952727
2023-08-04,1097067.1678222467
2023-08-07,1099985.5811733662
2023-08-08,1099852.693957019
2023-08-09,1101422.7960839556
2023-08-10,1097193.6773451257
2023-08-11,1092259.7214434852
2023-08-14,1092900.0323332779
2023-08-16,1095993.31401729
2023-08-17,1092099.7663283283
2023-08-18,1088804.2788329895
2023-08-21,1097003.0793282078
2023-08-22,1098328.9384875044
2023-08-23,1102283.7998669562
2023-08-24,1101343.1936090232
2023-08-25,1096784.1605565783
2023-08-28,1098112.3318019304
2023-08-29,1098075.1939199849
2023-08-30,1098747.4151613784
2023-08-31,1095156.4088178081
2023-09-01,1103578.5876908277
2023-09-04,1107285.1477561416
2023-09-05,1111540.4766754983
2023-09-06,1114664.1288220042
2023-09-07,1118737.3042094847
2023-09-08,1123194.0866536107
2023-09-11,1131439.6995741962
2023-09-12,1135872.7062293193
2023-09-13,1142782.8940232622
2023-09-14,1144246.530119744
2023-09-15,1148341.9590223078
2023-09-18,1148598.291712099
2023-09-20,1139185.591990801
2023-09-21,1131218.5217605333
2023-09-22,1127485.5944772018
2023-09-25,1130437.556715965
2023-09-26,1130378.591132935
2023-09-27,1132838.109511342
2023-09-28,1122835.3541340006
2023-09-29,1128315.5802667243
2023-10-03,1128426.8699557425
2023-10-04,1120796.885723604
2023-10-05,1128828.6961704127
2023-10-06,1138453.648069512
2023-10-09,1130360.8799315784
2023-10-10,1139701.0322991782
2023-10-11,1147487.6371521377
2023-10-12,1144168.290590141
2023-10-13,1143371.3862807956
2023-10-16,1140147.4891827402
2023-10-17,1144053.4355138293
2023-10-18,1135670.64466469
2023-10-19,1134512.1090962666
2023-10-20,1129021.6391598068
2023-10-23,1116188.3860653513
2023-10-25,1107509.4536495332
2023-10-26,1090215.0989527043
2023-10-27,1101882.6657964268
2023-10-30,1107036.1341111828
2023-10-31,1105414.782975912
2023-11-01,1101368.9579202232
2023-11-02,1110449.1922154748
2023-11-03,1116615.1139842723
2023-11-06,1126065.5149093207
2023-11-07,1126633.7165430686
2023-11-08,1128363.3662181522
2023-11-09,1123309.012430012
2023-11-10,1124621.6166226042
2023-11-13,1123638.561346377
2023-11-15,1133843.3945582195
2023-11-16,1138846.8455401722
2023-11-17,1134783.316174084
2023-11-20,1132605.105277735
2023-11-21,1137386.3916195033
2023-11-22,1140136.1567130773
2023-11-23,1137440.3774315005
2023-11-24,1134327.1195858524
2023-11-28,1140029.4804870088
2023-11-29,1148986.771699579
2023-11-30,1156419.3491976047
2023-12-01,1165294.407211172
2023-12-04,1186031.8575789765
2023-12-05,1191769.3056765995
2023-12-06,1197652.2088131064
2023-12-07,1194890.8495890955
2023-12-08,1198914.1938826733
2023-12-11,1201260.6161100918
2023-12-12,1196022.644606636
2023-12-13,1196459.5076361303
2023-12-14,1210020.2027890147
2023-12-15,1220562.2052630617
2023-12-18,1219895.1635947844
2023-12-19,1223937.6927007649
2023-12-20,1206938.404396133
2023-12-21,1209704.519595321
2023-12-22,1218155.5749905987
2023-12-26,1221686.1350337726
2023-12-27,1235449.8774253614
2023-12-28,1241616.5161685885
2023-12-29,1239354.9094868652
2024-01-01,1240855.874021677
2024-01-02,1236227.2855061758
2024-01-03,1229715.138878233
2024-01-04,1239124.3204149609
2024-01-05,1241553.703264391
2024-01-08,1231237.4874219862
2024-01-09,1232743.4279283725
2024-01-10,1233261.292427434
2024-01-11,1231605.1442485412
2024-01-12,1246250.7069863328
2024-01-15,1257621.4361082306
2024-01-16,1255875.6420991193
2024-01-17,1240667.2630295262
2024-01-18,1237456.315854895
2024-01-19,1251297.8160034376
2024-01-23,1233114.4562750978
2024-01-24,1243651.282618835
2024-01-25,1235793.5507027789
2024-01-29,1255541.6854537344
2024-01-30,1237535.6460533147
2024-01-31,1245446.9294062501
2024-02-01,1237284.9565818086
2024-02-02,1243395.877784614
2024-02-05,1230458.8499234195
2024-02-06,1241634.181916751
2024-02-07,1247467.3991822184
2024-02-08,1234825.1452856022
2024-02-09,1242650.857693798
2024-02-12,1236071.101829478
2024-02-13,1242748.7562562025
2024-02-14,1248527.4291306876
2024-02-15,1248493.9561939952
2024-02-16,1258111.7501335866
2024-02-19,1265403.4387267898
2024-02-20,1269028.961733051
2024-02-21,1262847.1776258312
2024-02-22,1270569.7379587132
2024-02-23,1271523.679752062
2024-02-26,1264673.9488243104
2024-02-27,1269707.6485857526
2024-02-28,1257396.5866469187
2024-02-29,1260886.282870571
2024-03-01,1281653.2878325793
2024-03-04,1281057.2579608052
2024-03-05,1276130.6705288107
2024-03-06,1284700.2074553224
2024-03-07,1286951.6730287666
2024-03-11,1279918.828819819
2024-03-12,1278376.329893628
2024-03-13,1263782.0205019442
2024-03-14,1272169.7145527962
2024-03-15,1269191.117315815
2024-03-18,1267025.578489814
2024-03-19,1254085.710448228
2024-03-20,1259690.0856520538
2024-03-21,1266246.832928208
2024-03-22,1274798.5396514158
2024-03-26,1269628.9841473333
2024-03-27,1277334.542172324
2024-03-28,1291583.4275275846
2024-04-01,1294044.2474994108
2024-04-02,1291002.0018257285
2024-04-03,1289016.0074625912
2024-04-04,1291381.894330493
2024-04-05,1285606.4098979642
2024-04-08,1290656.0331102994
2024-04-09,1287520.998025922
2024-04-10,1296735.2853861293
2024-04-12,1280071.08566893
2024-04-15,1267052.9288389396
2024-04-16,1259374.4668622757
2024-04-18,1250208.4151307533
2024-04-19,1260376.569902672
2024-04-22,1276867.3566795688
2024-04-23,1282483.8022948909
2024-04-24,1283166.710947484
2024-04-25,1290691.3108945326
2024-04-26,1275547.2839457497
2024-04-29,1292493.042645511
2024-04-30,1288295.2665618672
2024-05-02,1284460.2761178603
2024-05-03,1271654.9572469676
2024-05-06,1263808.9946403645
2024-05-07,1264404.1973224434
2024-05-08,1264690.2921520865
2024-05-09,1248128.8991480852
2024-05-10,1255108.55282132
2024-05-13,1255797.2488884607
2024-05-14,1260045.928920791
2024-05-15,1259722.6653493573
2024-05-16,1272354.9829710172
2024-05-17,1273932.4852400534
2024-05-21,1273247.8157744778
2024-05-22,1277999.4708871986
2024-05-23,1297985.8810780635
2024-05-24,1297305.38948901
2024-05-27,1295873.4687304362
2024-05-28,1292600.8690888146
2024-05-29,1283382.6761773424
2024-05-30,1269398.1788097487
2024-05-31,1268722.012683203
2024-06-03,1304186.2776307918
2024-06-04,1240988.6446861797
2024-06-05,1277545.995660941
2024-06-06,1288796.7027118134
2024-06-07,1320384.7339440994
2024-06-10,1319681.7910113453
2024-06-11,1319465.6544503432
2024-06-12,1321592.8463570196
2024-06-13,1327540.1436306357
2024-06-14,1329697.2795559843
2024-06-18,1334849.6310443308
2024-06-19,1325200.4059223777
2024-06-20,1323733.7600194775
2024-06-21,1319457.0629896128
2024-06-24,1322389.3245847095
2024-06-25,1331610.1501945702
2024-06-26,1345572.4595263589
2024-06-27,1356646.9811363332
2024-06-28,1351669.9721499337
2024-07-01,1362283.4965914455
2024-07-02,1356299.0204903448
2024-07-03,1362326.1345073096
2024-07-04,1361763.8363209495
2024-07-05,1366664.0762879448
2024-07-08,1365248.883192139
2024-07-09,1375316.230099565
2024-07-10,1371218.86774033
2024-07-11,1368905.2416041433
2024-07-12,1379723.7984463344
2024-07-15,1384659.1231929983
2024-07-16,1387112.4411064058
2024-07-18,1401186.2729526586
2024-07-19,1387792.266187161
2024-07-22,1379525.7285998622
2024-07-23,1382413.343589531
2024-07-24,1374457.768573009
2024-07-25,1370018.6370339552
2024-07-26,1396734.443197837
2024-07-29,1395002.2808651251
2024-07-30,1393663.7594789444
2024-07-31,1399203.673573685
2024-08-01,1400793.9109448288
2024-08-02,1384995.4085279675
2024-08-05,1352757.5408679508
2024-08-06,1347275.968412761
2024-08-07,1360957.853194782
2024-08-08,1350438.2761067192
2024-08-09,1361251.5987427908
2024-08-12,1359699.5690087937
2024-08-13,1355231.0982708656
2024-08-14,1357168.2580959213
2024-08-16,1378306.8322825632
2024-08-19,1377912.6563878225
2024-08-20,1383677.0184668459
2024-08-21,1389857.6929181998
2024-08-22,1394870.5482985065
2024-08-23,1394886.6192802335
2024-08-26,1402241.18286827
2024-08-27,1404324.816076171
2024-08-28,1407362.1467167547
2024-08-29,1413232.8130335112
2024-08-30,1420495.8287175782
2024-09-02,1425240.7502905433
2024-09-03,1426332.8463263016
2024-09-04,1421443.7609970097
2024-09-05,1421834.4226503775
2024-09-06,1406575.978906639
2024-09-09,1412891.4607117896
2024-09-10,1421977.4640608632
2024-09-11,1417221.0427204724
2024-09-12,1443635.7037490662
2024-09-13,1445037.5126502416
2024-09-16,1442939.510383103
2024-09-17,1447466.1647495416
2024-09-18,1446537.6884334167
2024-09-19,1450967.79918297
2024-09-20,1471732.3116123679
2024-09-23,1480465.3585178903
2024-09-24,1475334.3552996623
2024-09-25,1476781.5547380191
2024-09-26,1490794.263176747
2024-09-27,1487405.809465228
2024-09-30,1467287.8341281167
2024-10-01,1466237.9658704621
2024-10-03,1436288.8360661354
2024-10-04,1422810.6452538215
2024-10-07,1413742.4743211393
2024-10-08,1415980.3440270345
2024-10-09,1416737.933140755
2024-10-10,1414379.893582439
2024-10-11,1414267.1945390012
2024-10-14,1421542.098050187
2024-10-15,1418597.5988781077
2024-10-16,1413020.8138681895
2024-10-17,1400341.1162167978
2024-10-18,1406161.2136720528
2024-10-21,1397232.137230982
2024-10-22,1385171.516084649
2024-10-23,1381741.1557354948
2024-10-24,1379596.6859805733
2024-10-25,1371832.1744250925
2024-10-28,1381740.673918466
2024-10-29,1387712.1990881206
2024-10-30,1383931.2321421737
2024-10-31,1373965.2653781609
2024-11-01,1379199.0378541942
2024-11-04,1361258.733810352
2024-11-05,1369854.6778405954
2024-11-06,1384749.8811239107
2024-11-07,1370884.9938888156
2024-11-08,1372544.1989392235
2024-11-11,1372488.1327713204
2024-11-12,1361974.4134777845
2024-11-13,1348740.5543116545
2024-11-14,1344240.3019309016
2024-11-18,1338583.050182875
2024-11-19,1341243.4803665513
2024-11-21,1334567.6206971675
2024-11-22,1372395.975977988
2024-11-25,1388221.7547475395
2024-11-26,1385090.6311844504
2024-11-27,1384305.1537703201
2024-11-28,1364289.6136217033
2024-11-29,1382102.694845495
2024-12-02,1393776.0816924989
2024-12-03,1400806.8079156552
2024-12-04,1399861.8848043508
2024-12-05,1418671.5028456268
2024-12-06,1416722.5111871592
2024-12-09,1414833.641844482
2024-12-10,1414703.8566512417
2024-12-11,1419270.3730627876
2024-12-12,1415068.3842007655
2024-12-13,1434969.4679590252
2024-12-16,1426972.9067479207
2024-12-17,1408784.2454293966
2024-12-18,1402247.1584139892
2024-12-19,1388826.6412004002
2024-12-20,1370902.5363297134
2024-12-23,1378810.1169067856
2024-12-24,1374749.22049508
2024-12-26,1375647.4366170878
2024-12-27,1378719.6415104542
2024-12-30,1368433.3157938565
2024-12-31,1368425.5976070734
2025-01-01,1374375.4816766286
2025-01-02,1402550.4327084885
2025-01-03,1394751.6149718964
2025-01-06,1378332.414496261
2025-01-07,1384001.4583389137
2025-01-08,1383323.4789947746
2025-01-09,1376310.9014329202
2025-01-10,1371611.483973242
2025-01-13,1354208.6569873947
2025-01-14,1355525.5361456478
2025-01-15,1356560.5624934935
2025-01-16,1360823.176353217
2025-01-17,1355370.5707204905
2025-01-20,1369781.9435913747
2025-01-21,1352984.6520731444
2025-01-22,1363932.2596561094
2025-01-23,1372132.449989507
2025-01-24,1371429.2772346085
2025-01-27,1355156.4351608637
2025-01-28,1361108.0312325328
2025-01-29,1373440.0629593206
2025-01-30,1379733.1182771178
2025-01-31,1395598.9952365188
2025-02-01,1396016.8229368755
2025-02-03,1398474.6301576877
2025-02-04,1417804.5766489909
2025-02-05,1408100.818652994
2025-02-06,1399332.9157025462
2025-02-07,1399636.104174546
2025-02-10,1391668.8905236216
2025-02-11,1374530.3517225971
2025-02-12,1375836.258432854
2025-02-13,1377144.4118190461
2025-02-14,1372789.2196430604
2025-02-17,1371567.8069070668
2025-02-18,1369751.2081250164
2025-02-19,1366121.2294094895
2025-02-20,1361769.935991723
2025-02-21,1354420.576262897
2025-02-24,1339585.454319429
2025-02-25,1343629.883725696
2025-02-27,1345296.469008463
2025-02-28,1306917.56316378
2025-03-03,1312623.0968592805
2025-03-04,1307210.5717414573
2025-03-05,1319345.7139436344
2025-03-06,1329701.7982469292
2025-03-07,1330039.1041351857
2025-03-10,1324705.2613392966
2025-03-11,1330386.2098998304
2025-03-12,1324353.4936854115
2025-03-13,1320139.7886167532
2025-03-17,1324651.5406148606
2025-03-18,1324788.7431106868
2025-03-19,1345957.2871765736
2025-03-20,1365451.7711699267
2025-03-21,1376855.879509016
2025-03-24,1390474.426036383
2025-03-25,1392210.2789840798
2025-03-26,1381623.3242832008
2025-03-27,1387450.623856482
2025-03-28,1383680.3531113055
2025-04-01,1362921.9137226555
2025-04-02,1372530.3747523185
2025-04-03,1371819.156243009
2025-04-04,1356354.2225106389
2025-04-07,1320519.4967850784
2025-04-08,1345117.89388506
2025-04-09,1338339.2786302674
2025-04-11,1359320.6657225254
2025-04-15,1384539.735000984
2025-04-16,1389370.3446497913
2025-04-17,1414897.4988343376
2025-04-21,1423877.930440115
2025-04-22,1423015.593665469
2025-04-23,1434780.4967989118
2025-04-24,1429685.9209724918
2025-04-25,1418682.5855913754
2025-04-28,1431147.6841180183
2025-04-29,1428672.3317025604
2025-04-30,1426698.2075200316
2025-05-02,1426040.8859559463
2025-05-05,1428381.939577973
2025-05-06,1427230.7620065038
2025-05-07,1428162.7469427069
2025-05-08,1422767.9292305026
2025-05-09,1413792.6581114435
2025-05-12,1457082.3209027785
2025-05-13,1440483.0984868305
2025-05-14,1445169.3395317337
2025-05-15,1465421.7804128695
2025-05-16,1459762.0040939376
2025-05-19,1457121.6947924374
2025-05-20,1441141.8234964898
2025-05-21,1448152.000763894
2025-05-22,1437883.2251652973
2025-05-23,1449569.67021568
2025-05-26,1458681.879136003
2025-05-27,1448768.5994411209
2025-05-28,1446306.5229013588
2025-05-29,1451508.827854821
2025-05-30,1447261.8854904312
2025-06-02,1444649.764336391
2025-06-03,1433982.4673329885
2025-06-04,1437037.108501077
2025-06-05,1442012.6914210708
2025-06-06,1456515.5419268212
2025-06-09,1463209.4328053775
2025-06-10,1463052.3771092752
2025-06-11,1465558.0606624368
2025-06-12,1450246.965290536
2025-06-13,1441750.256187991
2025-06-16,1454319.5512097774
2025-06-17,1447746.0325930987
2025-06-18,1446910.9495868846
2025-06-19,1446416.8333753543
2025-06-20,1462740.3446010395
2025-06-23,1455433.9341112468
2025-06-24,1459469.6653643532
2025-06-25,1476146.6617502458
2025-06-26,1492609.0601642819
2025-06-27,1498984.5237087437
2025-06-30,1491231.55130418
2025-07-01,1490398.6968576298
2025-07-02,1488627.6899262695
2025-07-03,1483044.6135269708
2025-07-04,1490974.6245676447
2025-07-07,1491503.7150387256
2025-07-08,1488141.2262294607
2025-07-09,1487324.0206103106
2025-07-10,1478053.2078219864
2025-07-11,1466778.484566431
2025-07-14,1462188.923266995
2025-07-15,1471032.4503780648
2025-07-16,1473963.2723068509
2025-07-17,1468816.516200222
2025-07-18,1465334.6797527482
2025-07-21,1469524.5980131284
2025-07-22,1466203.2839509223
2025-07-23,1476024.1291950315
2025-07-24,1464737.2871793269
2025-07-25,1450580.158839255
2025-07-28,1432231.550045704
2025-07-29,1438911.4771297267
2025-07-30,1445303.9741358233
2025-07-31,1440033.5917500246
2025-08-01,1426951.318687798
2025-08-04,1437277.1577314895
2025-08-05,1438713.0823042705
2025-08-06,1430510.5615120775
2025-08-07,1431742.8884035393
2025-08-08,1418021.6851150526
2025-08-11,1429130.1523040887
2025-08-12,1424438.486570173
2025-08-13,1428108.5179429806
2025-08-14,1431013.980515235
2025-08-18,1452102.8343353365
2025-08-19,1459686.0611238247
2025-08-20,1465728.9473033936
2025-08-21,1468859.542983005
2025-08-22,1459272.903251778
2025-08-25,1465737.3715333736
2025-08-26,1451883.5944888883
2025-08-28,1443789.9409918145
2025-08-29,1444048.5291522082
2025-09-01,1450921.9194496013
2025-09-02,1448554.5723144852
2025-09-03,1453868.2700396534
2025-09-04,1456274.5498687383
2025-09-05,1454150.74171768
2025-09-08,1452771.8436358413
2025-09-09,1459492.5147848837
2025-09-10,1467401.7228282872
2025-09-11,1468700.4581847878
2025-09-12,1475298.2425507884
2025-09-15,1473536.1826090468
2025-09-16,1485046.5157421676
2025-09-17,1491248.9732344558
2025-09-18,1493460.7197793634
2025-09-19,1488875.9683239271
2025-09-22,1482760.3146774888
2025-09-23,1481323.3273494637
2025-09-24,1476075.0977752388
2025-09-25,1467519.3692050255
2025-09-26,1453332.2122415148
2025-09-29,1452382.3018806665
2025-09-30,1450206.93023513
2025-10-01,1457955.1659969448
2025-10-03,1463894.6162728954
2025-10-06,1474965.1086988116
2025-10-07,1477116.518298237
2025-10-08,1481183.5766655244
2025-10-09,1487763.188170474
2025-10-10,1494430.135042114
2025-10-13,1492770.440642209
2025-10-14,1486162.402389049
2025-10-15,1502317.2074845952
2025-10-16,1519262.530027373
2025-10-17,1527394.6159718595
2025-10-20,1538573.6611922646
2025-10-21,1538591.5207991381
2025-10-23,1540304.6681693306
2025-10-24,1534662.7625544718
2025-10-27,1545430.6234120172
2025-10-28,1541578.0301419948
2025-10-29,1546518.64740065
2025-10-30,1538211.3291069877
2025-10-31,1531643.7422659425
2025-11-03,1530562.9731274075
2025-11-04,1530509.6729192024
2025-11-06,1525571.7598981173
2025-11-07,1518699.7087474559
2025-11-10,1527819.3472899732
2025-11-11,1527106.2059627392
2025-11-12,1538402.7103404356
2025-11-13,1540737.8477546931
2025-11-14,1543355.133028163
2025-11-17,1549837.2558981413
2025-11-18,1547869.1253222153
2025-11-19,1558482.9028740667
2025-11-20,1563379.567373003
2025-11-21,1558184.971497907
2025-11-24,1551850.0723055454
2025-11-25,1547558.9569272653
2025-11-26,1563387.185952243
2025-11-27,1564434.0404677447
2025-11-28,1564392.073455003
2025-12-01,1560751.6078094942
2025-12-02,1556504.7994346516
2025-12-03,1551863.8802134418
2025-12-04,1555764.214866332
2025-12-05,1564629.7847124771
2025-12-08,1550957.1131408294
2025-12-09,1546503.9691721327
2025-12-10,1541304.9166557533
2025-12-11,1545934.8152588387
2025-12-12,1557640.7113410723
2025-12-15,1557596.4152360652
2025-12-16,1551768.6447425424
2025-12-17,1552684.2217105313
2025-12-18,1550761.805671895
2025-12-19,1557076.7143660353
2025-12-22,1570867.2782541274
2025-12-23,1567418.4370206972
2025-12-24,1564877.8308578876
2025-12-26,1561445.5058731565
2025-12-29,1555916.574416414
2025-12-30,1555536.6475591261
2025-12-31,1565092.109600314
2026-01-01,1564362.0179930935
2026-01-02,1570464.9498326166
2026-01-05,1571917.2579269211
2026-01-06,1576728.529395604
2026-01-07,1579832.2039777485
2026-01-08,1564622.965891455
2026-01-09,1550427.7627212503
2026-01-12,1557870.109159696
2026-01-13,1553678.3228332712
2026-01-14,1546729.199377893
2026-01-15,1546729.199377893
2026-01-16,1550986.6804047076
2026-01-19,1544096.5481373481
2026-01-20,1520983.6258981747
2026-01-21,1516201.1759399353
2026-01-22,1523374.6922117763
2026-01-23,1511986.2209111361
2026-01-27,1516609.965509667
2026-01-28,1518761.4763720087
2026-01-29,1521021.9981417162
2026-01-30,1522185.3009874327
2026-02-02,1507781.3617501308
2026-02-03,1545516.7738089398
2026-02-04,1546102.4170103834
2026-02-05,1537628.3497689962
2026-02-06,1548384.8757614132
2026-02-09,1563476.1790892489
2026-02-10,1563943.3318310664
2026-02-11,1565415.7375214794
2026-02-12,1562412.4917539374
2026-02-13,1549126.8977243956
2026-02-16,1555798.6517275728
2026-02-17,1561726.8183290756
2026-02-18,1567914.3973454963
2026-02-19,1546619.3122300366
2026-02-20,1555816.1883089482
2026-02-23,1566114.4795173688
2026-02-24,1548871.4685771824
2026-02-25,1550046.2877531792
2026-02-26,1552189.212131987
2026-02-27,1530852.92515241
2026-03-02,1512259.4368276484
2026-03-04,1491472.1231533522
2026-03-05,1505247.8130405443
2026-03-06,1484646.4527044005
2026-03-09,1459265.4653500812
2026-03-10,1470303.6564821308
2026-03-11,1443715.3390567272
2026-03-12,1424433.967798449
2026-03-13,1396835.6352347275
2026-03-16,1410763.6986196712
2026-03-17,1415946.4395335675
2026-03-18,1428237.1708030065
2026-03-19,1386374.7452227217
2026-03-20,1396558.2559145826
2026-03-23,1359529.046050861
2026-03-24,1382130.0132557165
2026-03-25,1412088.1912596936
2026-03-27,1387942.4001069826
2026-03-30,1354529.959957073
2026-04-01,1373644.691387912
2026-04-02,1378651.1794521818
2026-04-06,1399457.8007623537
2026-04-07,1411078.0253647154
2026-04-08,1463956.7591920986
2026-04-09,1449347.8305738429
2026-04-10,1464550.260619002
2026-04-13,1451114.8309569648
2026-04-15,1472685.975262782
2026-04-16,1468446.2570089607
2026-04-17,1477318.0890483123
2026-04-20,1478403.0804169856
2026-04-21,1495706.4033904586
2026-04-22,1486363.9879088684
2026-04-23,1479434.383680223
2026-04-24,1461866.2480541815
2026-04-27,1473951.3945881329
2026-04-28,1467549.919709018
2026-04-29,1482722.9826775487
2026-04-30,1473709.0446146978
2026-05-01,1473709.0446146978
2026-05-04,1474849.3009014095
2026-05-05,1472000.3331355497
2026-05-06,1487220.2682278466
2026-05-07,1480818.106438111
2026-05-08,1474871.6319736033
2026-05-11,1446417.362977084
2026-05-12,1418517.7194282399
2026-05-13,1420172.807304434
2026-05-14,1437091.6380295188
2026-05-15,1438348.261586689
2026-05-18,1443827.7893418968
2026-05-19,1438308.0926451758
2026-05-20,1438796.7306527626
2026-05-21,1434320.485326054
2026-05-22,1438531.5217072892
2026-05-25,1457639.2588148043
2026-05-26,1447844.4072757412
2026-05-27,1447939.9687443012
2026-05-28,1447939.9687443012
2026-05-29,1430467.555758065
2026-06-01,1415544.807681519
2026-06-02,1421255.4903175847
2026-06-03,1416176.0240581
2026-06-04,1419005.3078359673
2026-06-05,1418869.4487665868
2026-06-08,1405735.2164858899
2026-06-09,1412254.074417858
2026-06-10,1412997.48389896
2026-06-11,1409338.0228947592
2026-06-12,1441011.5952991068
2026-06-15,1458013.183793726
2026-06-16,1467344.0253939265
2026-06-17,1474558.6205440464
2026-06-18,1475284.9662336097
2026-06-19,1473806.0604684365
2026-06-22,1476873.4858033336
2026-06-23,1462727.7642175648
2026-06-24,1473173.8724149275
2026-06-25,1474407.8920150101
2026-06-26,1474407.8920150101
2026-06-29,1464814.8944552382
2026-06-30,1467535.3321813566
2026-07-01,1480030.8278742898
2026-07-02,1489501.4344244967
2026-07-03,1496434.1192784654
2026-07-06,1500067.9569023848
2026-07-07,1504625.146218067
2026-07-08,1474314.2165162796
2026-07-09,1481061.9193861687
2026-07-10,1494069.7738288944
2026-07-13,1492581.9873674961
2026-07-14,1485604.747196983
2026-07-15,1488165.4743771385
2026-07-16,1493204.396396608
2026-07-17,1505317.8956720817
2026-07-20,1508195.085997204
2026-07-21,1509314.9202002303
2026-07-22,1500758.4555075478
2026-07-23,1489970.8629516251
2026-07-24,1484739.2359777393
2026-07-27,1500830.2656421545
2026-07-28,1505792.0224227256
2026-07-29,1523857.7259799473
2026-07-30,1529307.2920703983
2026-07-31,1539370.5012506936
2026-08-03,1562637.329836714
2026-08-04,1553679.1437128803
2026-08-05,1555634.4793466015
2026-08-06,1558190.566408889
2026-08-07,1549110.2190390662
2026-08-10,1552509.48761979
2026-08-11,1542279.8156623924
2026-08-12,1544358.7563862517
2026-08-13,1539604.4153803831
2026-08-14,1540228.9772973757
2026-08-17,1532402.0016108304
2026-08-18,1521904.0013690498
2026-08-19,1518008.7244879238
2026-08-20,1528080.1197091858
2026-08-21,1530023.7945905568
2026-08-24,1524581.8253272427
2026-08-25,1533101.5050187123
2026-08-26,1524355.6219182906
2026-08-27,1521272.8523986493
2026-08-28,1525472.1523810232
2026-08-31,1521998.4758687806
2026-09-01,1513975.2133241217
2026-09-02,1506865.6126084765
2026-09-03,1501728.4697597506
2026-09-04,1499959.0455530367
2026-09-07,1493367.613369328
2026-09-08,1483277.906233255
2026-09-09,1467472.367982887
2026-09-10,1472376.6402018273
2026-09-11,1466296.8802288237
2026-09-14,1466296.8802288237
2026-09-15,1446631.2501366856
2026-09-16,1453391.7815945214
2026-09-17,1452185.3254446238
2026-09-18,1458401.9565984628
2026-09-21,1458227.7489643341
2026-09-22,1450312.9116396247
2026-09-23,1460568.8615261845
2026-09-24,1433113.7152613832
2026-09-25,1439581.935567063
2026-09-28,1419785.9431646296
2026-09-29,1410234.465301808
