date,side,price,shares,fee,pnl
2019-10-23,BUY,352.5968799026328,14,9.799388000516686,
2019-11-01,SELL,343.0150107754383,14,8.812756749503034,-142.9589245302259
2019-11-15,BUY,337.8227776014884,14,9.38878549930278,
2019-11-18,SELL,373.8377041521108,14,9.604654743935015,494.6043169647792
2019-12-13,BUY,415.3751851363263,12,9.894964647271651,
2019-12-18,SELL,421.9834299660946,12,9.292814442822703,70.00612351439668
2020-01-08,BUY,417.8296940307979,12,9.953435349437548,
2020-01-09,SELL,442.1857618149476,12,9.737705184619847,282.5351082251764
2020-01-29,BUY,465.5034333643387,12,11.089107344753803,
2020-02-04,SELL,485.2337333446651,12,10.685696937750345,226.07790282616588
2020-02-25,BUY,503.17042361823303,11,10.987534291404451,
2020-03-06,SELL,488.7738952492081,11,9.866686046481036,-168.22849810575553
2020-07-27,BUY,526.9601117332675,10,10.460927579668489,
2020-07-28,SELL,527.2433163464258,10,9.675684630198777,-6.843638498616201
2020-08-14,BUY,514.3094345906374,11,11.230772485238521,
2020-08-17,SELL,502.6561255423777,11,10.146921159810514,-138.33332069066728
2020-08-18,BUY,494.6029782114288,11,10.800450361629556,
2020-08-19,SELL,501.1875168786261,11,10.117274935347176,62.31265040382368
2021-02-01,BUY,529.610294039554,10,10.513537567714446,
2021-02-02,SELL,554.1485090996125,10,10.169434198801175,235.21271640178384
2021-02-22,BUY,551.4010820304903,10,10.946116523884996,
2021-02-26,SELL,544.2954058921566,10,9.988615369413678,-81.04537675274969
2021-03-02,BUY,512.0829247521767,11,11.18215306714093,
2021-03-03,SELL,519.8993128970902,11,10.49500258912428,75.48526700492494
2021-03-09,BUY,502.22976787385295,11,10.966993562532785,
2021-03-10,SELL,492.8502455034668,11,9.948973722981755,-113.12371979722957
2021-06-25,BUY,503.36669509447904,11,10.99182019430027,
2021-06-28,SELL,508.7669771475048,11,10.270278513487684,49.13282406979579
2021-08-23,BUY,585.8873710909104,9,10.467647740544727,
2021-08-31,SELL,593.1351487322477,9,9.796406360898505,55.4335924111374
2021-09-30,BUY,671.594806214826,8,10.665709945425096,
2021-10-06,SELL,681.1987375548402,8,10.00079310743052,66.83065761268335
2021-11-22,BUY,714.257196120003,8,11.343238526790714,
2021-11-23,SELL,719.083279166544,8,10.556982427434932,28.051681944893062
2021-12-02,BUY,698.717353458471,8,11.09644767478936,
2021-12-07,SELL,677.9169398599123,8,9.952612484129268,-176.35592127259952
2021-12-15,BUY,667.6856848007282,8,10.603628531515412,
2021-12-16,SELL,665.9000449816989,8,9.776190431583878,-24.06130898381798
2021-12-17,BUY,657.3096367003792,8,10.438844768457688,
2021-12-20,SELL,636.2197889598024,8,9.340449606643404,-178.05923153125786
2021-12-21,BUY,640.8527450043892,8,10.177490106675865,
2021-12-22,SELL,643.7967383561233,8,9.451688073658293,14.100258740214485
2022-02-08,BUY,686.4591738486655,7,9.53905178190288,
2022-02-10,SELL,697.8002894773804,7,8.963957870232797,70.42385153077157
2022-02-15,BUY,671.7878338845269,8,10.668775450276264,
2022-02-17,SELL,699.2482180638418,8,10.265780563095896,209.41729287142334
2022-02-23,BUY,675.745230146178,8,10.731623525150116,
2022-02-25,SELL,653.9314607082151,8,9.600477635142706,-184.11063313884551
2022-04-13,BUY,716.1876568318745,7,9.952159435464178,
2022-04-27,SELL,723.9094173393377,7,9.299356301148313,44.75296725109365
2022-08-30,BUY,699.9808635542488,7,9.726949479528841,
2022-09-02,SELL,702.8893856126434,7,9.029332511146501,11.330321897616159
2022-09-27,BUY,735.7069960036296,7,10.223400602020348,
2022-10-03,SELL,778.8984370213025,7,10.005746457741267,292.33434066596965
2022-10-13,BUY,751.3645036244038,7,10.440977672383795,
2022-10-19,SELL,763.9195868192483,7,9.813327818510974,78.07225454539912
2022-12-07,BUY,812.0068467201562,7,11.28366500617392,
2022-12-14,SELL,815.01237655707,7,10.469666919524405,10.569041938872033
2023-01-09,BUY,778.219696230709,7,10.814158019655249,
2023-01-10,SELL,800.9060661050337,7,10.288456945118718,148.51613217515387
2023-01-13,BUY,733.9134873961962,8,11.655403390804874,
2023-01-16,SELL,743.026757059033,8,10.90850064887885,61.99765665381619
2023-02-10,BUY,745.4990239855633,8,11.839395243750761,
2023-02-13,SELL,747.4864978572577,8,10.973974852774042,4.925816120781747
2023-02-24,BUY,752.043159378597,8,11.943323757342274,
2023-02-27,SELL,730.0354031457465,8,10.717772399530434,-186.77982226233416
2023-07-19,BUY,848.7510710707083,6,10.109368762390394,
2023-07-21,SELL,851.3202148236536,6,9.37378132171661,6.041081195954575
2023-08-03,BUY,848.3147029187155,6,10.104171235441658,
2023-08-07,SELL,858.1552692589648,6,9.449041258557074,49.59435678293903
2023-08-16,BUY,847.3417054901156,6,10.092581983721285,
2023-08-17,SELL,834.8750394910074,6,9.192705535330585,-83.99270152997997
2023-08-18,BUY,834.3881211928294,6,9.938293447400763,
2023-08-21,SELL,833.365435604699,6,9.176083474129324,-15.312197002912399
2023-08-30,BUY,837.4559892573654,6,9.974834443501813,
2023-08-31,SELL,833.2193021110438,6,9.174474416351242,-34.59459729428181
2023-10-26,BUY,897.6465887796198,6,10.691757210777045,
2023-10-31,SELL,896.3316314744178,6,9.869396449042512,-17.75914028025454
2023-12-13,BUY,967.3331253925244,5,9.601487422702341,
2023-12-15,SELL,973.6151354478704,5,8.93362960678309,22.4764206699474
2023-12-21,BUY,942.789391579558,6,11.22944753721956,
2023-12-26,SELL,969.0861519629838,6,10.670487452581572,147.110074847973
2024-02-06,BUY,1095.7005428767582,5,10.875627749448125,
2024-02-09,SELL,1116.104840617232,5,10.241076669196755,91.78041203317298
2024-02-27,BUY,1084.012893656458,5,10.759619298952714,
2024-03-05,SELL,1103.540855690301,5,10.125792935783167,87.51401723343224
2024-05-03,BUY,1271.9864638990962,4,10.100315363453742,
2024-05-13,SELL,1267.262820078417,4,9.302449180862506,-28.19702446357951
2024-06-05,BUY,1291.1247179304962,4,10.252284277203412,
2024-06-10,SELL,1384.040132422292,4,10.159662851416957,361.50199511576557
2024-06-20,BUY,1369.3333581817928,4,10.873306554644614,
2024-06-24,SELL,1365.486289831263,4,10.023466811354734,-25.411740213473422
2024-08-07,BUY,1422.0649265893228,4,11.292026003036352,
2024-08-12,SELL,1435.776393395482,4,10.53943722093658,44.30643000370037
2024-09-09,BUY,1491.8461249392576,4,11.846129470154668,
2024-09-11,SELL,1545.90798806897,4,11.347867442691273,204.89958507615847
2024-10-03,BUY,1630.6738406183076,3,9.711376956024212,
2024-10-10,SELL,1651.8284230480383,3,9.094038969728745,54.369708319462916
2024-10-25,BUY,1646.4417446081984,3,9.805281730625959,
2024-10-30,SELL,1594.240640320808,3,8.77699300236651,-165.38030586453715
2024-10-31,BUY,1600.3128373142442,3,9.530563883229068,
2024-11-01,SELL,1586.6014935253534,3,8.734936153311235,-49.868967519983926
2024-11-05,BUY,1550.609117509147,4,12.312741948747252,
2024-11-06,SELL,1550.364313598837,4,11.380579474574606,-12.35979511581445
2024-11-13,BUY,1527.7405989044787,4,12.131152555811322,
2024-11-14,SELL,1518.044609948152,4,11.143333975071645,-49.927289800379185
2025-06-16,BUY,1804.1225208023632,3,10.744339817042185,
2025-06-17,SELL,1840.2618268610229,3,10.131447391550097,98.28647078442918
2025-07-11,BUY,1901.963053326605,3,11.327023042377292,
2025-07-24,SELL,1919.640869288336,3,10.568463788133037,42.46498409705964
2025-08-11,BUY,1839.8450716527227,3,10.95708325383335,
2025-08-12,SELL,1834.314709690679,3,10.098705906690032,-26.68979179282178
2025-08-13,BUY,1829.9693807079095,3,10.89826918870435,
2025-08-14,SELL,1849.7207591186288,3,10.183522956640546,49.070612275517306
2025-08-29,BUY,1849.2270046952608,3,11.012956774388336,
2025-09-01,SELL,1865.5219814877792,3,10.270515606718117,38.61441477083736
2025-09-30,BUY,1872.4349394291717,3,11.151170190804189,
2025-10-01,SELL,1844.7829920417032,3,10.15633838614009,-93.11218054854635
2025-10-03,BUY,1828.1917317296136,3,10.887682510428347,
2025-10-06,SELL,1869.0771580670205,3,10.290088410954182,112.36619060126668
2025-11-28,BUY,2091.675807612178,3,12.456845588334254,
2025-12-08,SELL,2088.120455805432,3,11.496017705968544,-22.16207312620645
2025-12-12,BUY,2027.5824025977115,3,12.07514128856171,
2025-12-17,SELL,2091.280828604945,3,11.51341694247315,179.58186107922756
2025-12-30,BUY,2051.185234340928,3,12.215706489632868,
2026-01-02,SELL,2081.800160766766,3,11.461221713491463,80.38355756402143
2026-01-08,BUY,2062.0486549107854,3,12.28040291730458,
2026-01-09,SELL,2044.469811383136,3,11.255701789441549,-63.99223237239039
2026-01-12,BUY,1998.350250124698,3,11.90105101690213,
2026-01-13,SELL,2021.558164012897,3,11.129563135366835,58.49417852923034
2026-01-19,BUY,1997.8564917113652,3,11.89811046928455,
2026-01-20,SELL,1992.918581914806,3,10.971889691779886,-25.7856190814573
2026-01-21,BUY,1952.4281864091545,3,11.627565013612163,
2026-01-22,SELL,1983.8330075478484,3,10.921869625408213,83.29259379067389
2026-01-28,BUY,1970.2044950583877,3,11.733430717641534,
2026-01-29,SELL,1939.589854424377,3,10.678291688962434,-102.5222135909944
2026-02-23,BUY,1969.2169190561328,3,11.727549269989819,
2026-02-24,SELL,1972.475914555702,3,10.859343854079714,-1.0823573553716415
