CAGR%,MaxDD%,Sharpe,Trades,WinRate%,FinalValue,ticker,mode
-4.9,-33.38,-0.23,88,62.5,334645.0,RELIANCE.NS,mean_reversion_only
-3.14,-25.04,-0.41,62,40.3,387417.0,RELIANCE.NS,trend_pullback_hybrid
-6.81,-52.08,-0.47,94,56.4,284762.0,TCS.NS,mean_reversion_only
-1.13,-21.78,-0.14,57,45.6,456438.0,TCS.NS,trend_pullback_hybrid
-1.64,-31.77,-0.04,91,59.3,438204.0,HDFCBANK.NS,mean_reversion_only
-0.52,-12.66,-0.06,57,57.9,479552.0,HDFCBANK.NS,trend_pullback_hybrid
0.16,-36.48,0.08,81,65.4,506253.0,ICICIBANK.NS,mean_reversion_only
1.67,-15.31,0.29,57,63.2,570807.0,ICICIBANK.NS,trend_pullback_hybrid
-8.57,-61.45,-0.52,83,61.4,244497.0,INFY.NS,mean_reversion_only
-4.62,-31.49,-0.55,34,41.2,342770.0,INFY.NS,trend_pullback_hybrid
-3.25,-31.79,-0.26,82,61.0,383971.0,HINDUNILVR.NS,mean_reversion_only
-2.93,-21.94,-0.63,48,45.8,394296.0,HINDUNILVR.NS,trend_pullback_hybrid
-9.3,-57.81,-0.66,89,56.2,229218.0,ITC.NS,mean_reversion_only
-1.82,-18.46,-0.35,49,55.1,431730.0,ITC.NS,trend_pullback_hybrid
-6.83,-53.72,-0.36,79,60.8,284222.0,SBIN.NS,mean_reversion_only
0.36,-19.98,0.09,51,62.7,514727.0,SBIN.NS,trend_pullback_hybrid
6.26,-18.9,0.52,86,68.6,811882.0,BHARTIARTL.NS,mean_reversion_only
3.34,-10.08,0.42,69,59.4,650148.0,BHARTIARTL.NS,trend_pullback_hybrid
-3.8,-36.37,-0.2,90,61.1,367024.0,KOTAKBANK.NS,mean_reversion_only
-2.32,-21.68,-0.37,46,47.8,414373.0,KOTAKBANK.NS,trend_pullback_hybrid
-0.01,-33.13,0.08,89,67.4,499488.0,LT.NS,mean_reversion_only
-1.38,-24.21,-0.15,57,50.9,447385.0,LT.NS,trend_pullback_hybrid
-4.91,-49.16,-0.17,87,60.9,334368.0,AXISBANK.NS,mean_reversion_only
-1.39,-24.9,-0.16,49,51.0,447226.0,AXISBANK.NS,trend_pullback_hybrid
-4.22,-45.85,-0.12,89,60.7,354379.0,BAJFINANCE.NS,mean_reversion_only
-3.58,-35.53,-0.45,45,55.6,373547.0,BAJFINANCE.NS,trend_pullback_hybrid
0.4,-28.21,0.11,97,69.1,516198.0,MARUTI.NS,mean_reversion_only
-0.49,-14.05,-0.06,61,54.1,480716.0,MARUTI.NS,trend_pullback_hybrid
4.63,-15.53,0.44,76,65.8,717586.0,SUNPHARMA.NS,mean_reversion_only
-0.05,-11.77,0.02,52,53.8,497968.0,SUNPHARMA.NS,trend_pullback_hybrid
-1.08,-38.12,0.0,84,65.5,458381.0,TITAN.NS,mean_reversion_only
-4.7,-38.91,-0.58,51,43.1,340415.0,TITAN.NS,trend_pullback_hybrid
4.58,-20.14,0.4,92,71.7,714841.0,ULTRACEMCO.NS,mean_reversion_only
0.19,-14.88,0.06,59,57.6,507824.0,ULTRACEMCO.NS,trend_pullback_hybrid
-2.69,-23.3,-0.19,80,57.5,402160.0,NESTLEIND.NS,mean_reversion_only
-2.74,-21.95,-0.53,55,50.9,400470.0,NESTLEIND.NS,trend_pullback_hybrid
-6.8,-46.75,-0.4,88,56.8,284876.0,WIPRO.NS,mean_reversion_only
1.6,-13.2,0.25,37,54.1,567685.0,WIPRO.NS,trend_pullback_hybrid
