CAGR%,MaxDD%,Sharpe,Trades,WinRate%,FinalValue,ticker,ann_volatility_pct
9.47,-13.24,0.78,41,68.3,1030004.0,NATIONALUM.NS,43.4
7.92,-16.93,0.53,45,55.6,919357.0,IDEA.NS,74.3
6.66,-19.97,0.53,46,65.2,836801.0,TRIDENT.NS,44.9
4.97,-19.49,0.4,56,60.7,718243.0,RVNL.NS,50.4
3.16,-14.53,0.35,52,55.8,640932.0,NHPC.NS,33.0
2.44,-20.11,0.26,44,61.4,605999.0,SAIL.NS,44.9
2.19,-28.04,0.21,56,51.8,594351.0,SUZLON.NS,59.7
-0.4,-22.94,0.0,47,53.2,484240.0,PNB.NS,38.1
-2.72,-57.08,-0.03,63,54.0,401185.0,RPOWER.NS,64.9
-1.69,-43.85,-0.05,40,57.5,436540.0,HINDCOPPER.NS,51.9
-2.66,-20.51,-0.26,33,48.5,403248.0,IEX.NS,38.6
-2.33,-24.87,-0.33,40,50.0,414180.0,IDFCFIRSTB.NS,37.5
-10.8,-64.13,-0.58,63,39.7,200744.0,JPPOWER.NS,60.5
-5.97,-39.66,-0.61,37,35.1,305935.0,YESBANK.NS,66.4
