CAGR%,MaxDD%,Sharpe,Trades,WinRate%,FinalValue,ticker
-3.14,-25.04,-0.41,62,40.3,387417.0,RELIANCE.NS
-1.13,-21.78,-0.14,57,45.6,456438.0,TCS.NS
-0.52,-12.66,-0.06,57,57.9,479552.0,HDFCBANK.NS
1.67,-15.31,0.29,57,63.2,570807.0,ICICIBANK.NS
-4.62,-31.49,-0.55,34,41.2,342770.0,INFY.NS
-2.93,-21.94,-0.63,48,45.8,394296.0,HINDUNILVR.NS
-1.82,-18.46,-0.35,49,55.1,431730.0,ITC.NS
0.36,-19.98,0.09,51,62.7,514727.0,SBIN.NS
3.34,-10.08,0.42,69,59.4,650148.0,BHARTIARTL.NS
-2.32,-21.68,-0.37,46,47.8,414373.0,KOTAKBANK.NS
-1.38,-24.21,-0.15,57,50.9,447385.0,LT.NS
-1.39,-24.9,-0.16,49,51.0,447226.0,AXISBANK.NS
-3.58,-35.53,-0.45,45,55.6,373547.0,BAJFINANCE.NS
-0.49,-14.05,-0.06,61,54.1,480716.0,MARUTI.NS
-0.05,-11.77,0.02,52,53.8,497968.0,SUNPHARMA.NS
-4.7,-38.91,-0.58,51,43.1,340415.0,TITAN.NS
0.19,-14.88,0.06,59,57.6,507824.0,ULTRACEMCO.NS
-2.74,-21.95,-0.53,55,50.9,400470.0,NESTLEIND.NS
1.6,-13.2,0.25,37,54.1,567685.0,WIPRO.NS
-1.71,-23.37,-0.19,58,46.6,435531.0,HCLTECH.NS
-0.47,-23.7,-0.01,47,55.3,481489.0,TECHM.NS
-3.29,-26.71,-0.47,51,47.1,382811.0,ASIANPAINT.NS
-1.86,-18.11,-0.33,54,50.0,430542.0,BRITANNIA.NS
-1.71,-19.58,-0.34,40,42.5,435605.0,DABUR.NS
-1.03,-19.13,-0.16,42,52.4,460441.0,GODREJCP.NS
1.06,-11.49,0.21,53,62.3,543893.0,MARICO.NS
-2.2,-21.05,-0.45,47,44.7,418625.0,COLPAL.NS
-0.65,-17.33,-0.1,43,48.8,474474.0,TATACONSUM.NS
0.71,-27.13,0.12,53,54.7,528940.0,TRENT.NS
0.47,-19.24,0.1,46,50.0,518911.0,DMART.NS
-1.04,-31.93,-0.07,38,57.9,459856.0,ADANIPORTS.NS
-0.43,-13.34,-0.03,35,48.6,483203.0,POWERGRID.NS
3.6,-13.61,0.51,47,59.6,663425.0,NTPC.NS
0.38,-25.13,0.09,39,53.8,515442.0,TATAPOWER.NS
0.1,-16.33,0.05,32,62.5,504134.0,ONGC.NS
-2.56,-30.22,-0.32,52,46.2,406485.0,BPCL.NS
-1.53,-21.69,-0.16,49,55.1,442225.0,IOC.NS
-1.01,-31.05,-0.09,54,51.9,460992.0,COALINDIA.NS
1.96,-13.7,0.28,45,57.8,584004.0,GAIL.NS
0.66,-15.32,0.14,44,52.3,527043.0,PETRONET.NS
-2.87,-24.03,-0.5,51,39.2,396408.0,HDFCLIFE.NS
-0.76,-21.71,-0.08,60,48.3,470336.0,SBILIFE.NS
-0.63,-20.77,-0.03,50,46.0,475358.0,ICICIPRULI.NS
0.57,-17.06,0.13,48,62.5,523104.0,ICICIGI.NS
1.48,-24.51,0.23,54,53.7,562348.0,BAJAJFINSV.NS
-1.09,-18.03,-0.11,53,50.9,458111.0,BAJAJ-AUTO.NS
0.09,-19.45,0.05,56,50.0,503767.0,HDFCAMC.NS
0.03,-15.26,0.04,37,51.4,501165.0,INDUSINDBK.NS
0.04,-29.78,0.05,52,59.6,501692.0,BANKBARODA.NS
0.19,-25.66,0.07,51,49.0,507815.0,FEDERALBNK.NS
0.16,-11.61,0.06,40,55.0,506299.0,AUBANK.NS
-3.08,-23.04,-0.55,48,47.9,389402.0,DRREDDY.NS
0.48,-13.77,0.11,59,54.2,519678.0,CIPLA.NS
-0.1,-22.74,0.01,54,48.1,495955.0,DIVISLAB.NS
-0.79,-23.11,-0.05,64,57.8,469490.0,APOLLOHOSP.NS
1.41,-7.01,0.28,35,60.0,559074.0,LUPIN.NS
-0.39,-17.06,-0.02,48,56.2,484568.0,HEROMOTOCO.NS
0.66,-14.92,0.13,67,53.7,526937.0,EICHERMOT.NS
3.8,-8.92,0.45,69,60.9,673505.0,M&M.NS
1.38,-11.83,0.21,64,59.4,557897.0,TVSMOTOR.NS
3.56,-15.12,0.45,53,62.3,660994.0,ASHOKLEY.NS
-4.01,-27.94,-0.68,50,42.0,360639.0,BOSCHLTD.NS
-3.44,-32.07,-0.36,45,37.8,378141.0,MOTHERSON.NS
0.21,-12.93,0.07,43,62.8,508332.0,BALKRISIND.NS
4.61,-12.74,0.61,59,59.3,716674.0,JSWSTEEL.NS
-1.34,-30.14,-0.11,46,54.3,448890.0,TATASTEEL.NS
7.35,-12.48,0.78,45,62.2,881104.0,HINDALCO.NS
-1.5,-26.49,-0.07,53,52.8,443199.0,JINDALSTEL.NS
-0.8,-21.06,-0.09,53,56.6,468998.0,GRASIM.NS
-6.13,-41.97,-1.0,50,30.0,301657.0,SHREECEM.NS
-2.82,-30.47,-0.26,47,42.6,398033.0,AMBUJACEM.NS
-3.24,-28.48,-0.35,40,42.5,384324.0,ACC.NS
1.05,-18.54,0.16,44,61.4,543358.0,DLF.NS
-4.12,-37.11,-0.46,42,50.0,357175.0,GODREJPROP.NS
1.99,-13.36,0.25,45,60.0,585277.0,OBEROIRLTY.NS
-1.54,-25.87,-0.17,38,55.3,441559.0,UPL.NS
-3.01,-28.65,-0.38,42,45.2,391628.0,SRF.NS
-3.52,-31.26,-0.4,62,54.8,375416.0,SIEMENS.NS
1.05,-13.94,0.17,55,54.5,543705.0,ABB.NS
-1.63,-24.43,-0.2,36,58.3,438324.0,HAVELLS.NS
-0.86,-16.01,-0.09,43,58.1,466752.0,VOLTAS.NS
2.26,-13.13,0.35,41,61.0,597726.0,CROMPTON.NS
-1.29,-26.38,-0.11,65,61.5,450720.0,BEL.NS
-3.13,-41.68,-0.22,73,50.7,387958.0,HAL.NS
-2.92,-24.14,-0.22,54,59.3,394771.0,INDIGO.NS
